country,iso3,step,satellite_latitude,satellite_longitude,country_share,step_devices_total,step_demods_total,selected_nodes,selected_demods,series_demod_used,sent_packets_used,decoded_payload_base,decoded_payload_early_decode,decoded_payload_early_drop,decoded_payload_early_decode_drop,decoded_payload_mean,collision_rate,elevation_deg,footprint_radius_m,footprint_area_km2,idle_demodulators,busy_demodulators
Russian Federation,RUS,1069,48.350364,139.60896,1.0,3,1000,2,100,100,10,10.0,10.0,0.0,10.0,10.0,0.0,15.438795309233939,500000.0,785398.1633974483,99,1
Russian Federation,RUS,1070,48.53058,139.608765,1.0,17,1000,7,700,100,10,10.0,10.0,0.0,10.0,10.0,0.0,15.068934220287929,500000.0,785398.1633974483,699,1
Russian Federation,RUS,1071,48.710794,139.608587,1.0,38,1000,7,500,100,10,10.0,10.0,0.0,10.0,10.0,0.0,14.705739393353156,500000.0,785398.1633974483,499,1
Russian Federation,RUS,1072,48.891008,139.608426,1.0,64,1000,2,700,100,10,10.0,10.0,0.0,10.0,10.0,0.0,14.348985939574476,500000.0,785398.1633974483,699,1
Russian Federation,RUS,1073,49.071222,139.608283,1.0,94,1000,7,700,100,10,10.0,10.0,0.0,10.0,10.0,0.0,13.998458404870888,500000.0,785398.1633974483,699,1
Russian Federation,RUS,1074,49.251434,139.608158,1.0,126,1000,40,300,100,40,40.0,40.0,0.0,40.0,40.0,0.0,13.653950314778484,500000.0,785398.1633974483,299,1
Russian Federation,RUS,1075,49.431645,139.608051,1.0,162,1000,2,300,100,10,10.0,10.0,0.0,10.0,10.0,0.0,13.315263742838795,500000.0,785398.1633974483,299,1
Russian Federation,RUS,1076,49.611856,139.607963,1.0,200,1000,15,100,100,15,15.0,15.0,0.0,15.0,15.0,0.0,12.982208901351044,500000.0,785398.1633974483,99,1
Russian Federation,RUS,1077,49.792066,139.607893,1.0,240,1000,7,700,100,10,10.0,10.0,0.0,10.0,10.0,0.0,12.65460375335087,500000.0,785398.1633974483,699,1
Russian Federation,RUS,1078,49.972274,139.607843,1.0,282,1000,15,500,100,15,15.0,15.0,0.0,15.0,15.0,0.0,12.332273644720374,500000.0,785398.1633974483,499,1
Russian Federation,RUS,1079,50.152482,139.607812,1.0,326,1000,40,1000,1000,40,40.0,40.0,0.0,40.0,40.0,0.0,12.015050955380843,500000.0,785398.1633974483,999,1
Russian Federation,RUS,1080,50.33269,139.6078,1.0,372,1000,2,100,100,10,10.0,10.0,0.0,10.0,10.0,0.0,11.702774768564183,500000.0,785398.1633974483,99,1
Russian Federation,RUS,1081,50.512896,139.607809,1.0,418,1000,400,700,100,390,298.8,388.8,4.3,393.1,388.8,0.003076923076923088,11.395290557205584,500000.0,785398.1633974483,698,2
Russian Federation,RUS,1082,50.693101,139.607837,1.0,466,1000,90,1000,1000,95,95.0,94.8,0.3,95.1,94.8,0.002105263157894721,11.092449886543648,500000.0,785398.1633974483,999,1
Russian Federation,RUS,1083,50.873305,139.607886,1.0,515,1000,90,500,100,95,94.8,95.0,0.1,95.1,95.0,0.0,10.794110132059444,500000.0,785398.1633974483,499,1
Russian Federation,RUS,1084,51.053509,139.607956,1.0,566,1000,15,700,100,15,15.0,15.0,0.0,15.0,15.0,0.0,10.500134211929492,500000.0,785398.1633974483,699,1
Russian Federation,RUS,1085,51.233711,139.608047,1.0,617,1000,180,1000,1000,167,167.0,167.0,1.1,168.1,167.0,0.0,10.210390333207584,500000.0,785398.1633974483,999,1
Russian Federation,RUS,1086,51.413912,139.608159,1.0,668,1000,180,700,100,167,166.8,167.0,1.2,168.2,167.0,0.0,9.924751750993664,500000.0,785398.1633974483,699,1
Russian Federation,RUS,1087,51.594113,139.608293,1.0,721,1000,260,100,100,255,255.0,254.8,1.8,256.6,254.8,0.0007843137254901489,9.643096539884255,500000.0,785398.1633974483,98,2
Russian Federation,RUS,1088,51.774312,139.608449,1.0,774,1000,400,500,100,390,298.8,388.8,4.3,393.1,388.8,0.003076923076923088,9.365307377038476,500000.0,785398.1633974483,498,2
Russian Federation,RUS,1089,51.95451,139.608627,1.0,828,1000,260,300,100,255,255.0,254.8,1.8,256.6,254.8,0.0007843137254901489,9.091271336228289,500000.0,785398.1633974483,298,2
Russian Federation,RUS,1090,52.134708,139.608828,1.0,882,1000,90,500,100,95,94.8,95.0,0.1,95.1,95.0,0.0,8.820879692276378,500000.0,785398.1633974483,499,1
Russian Federation,RUS,1091,52.314904,139.609052,1.0,937,1000,180,300,100,167,166.8,167.0,1.2,168.2,167.0,0.0,8.55402773531793,500000.0,785398.1633974483,299,1
Russian Federation,RUS,1092,52.495099,139.609299,1.0,992,1000,90,1000,1000,95,95.0,94.8,0.3,95.1,94.8,0.002105263157894721,8.290614594353059,500000.0,785398.1633974483,999,1
Russian Federation,RUS,1093,52.675294,139.609569,1.0,1047,1000,15,700,100,15,15.0,15.0,0.0,15.0,15.0,0.0,8.0305430695866,500000.0,785398.1633974483,699,1
Russian Federation,RUS,1094,52.855487,139.609863,1.0,1102,1000,180,300,100,167,166.8,167.0,1.2,168.2,167.0,0.0,7.773719473080291,500000.0,785398.1633974483,299,1
Russian Federation,RUS,1095,53.035679,139.610182,1.0,1158,1000,90,700,100,95,94.8,95.0,0.1,95.1,95.0,0.0,7.520053477267851,500000.0,785398.1633974483,699,1
Russian Federation,RUS,1096,53.21587,139.610524,1.0,1213,1000,180,700,100,167,166.8,167.0,1.2,168.2,167.0,0.0,7.269457970910395,500000.0,785398.1633974483,699,1
Russian Federation,RUS,1097,53.396059,139.610892,1.0,1269,1000,700,300,100,686,299.0,569.4,18.9,588.3,569.4,0.16997084548104957,7.021848922091522,500000.0,785398.1633974483,297,3
Russian Federation,RUS,1098,53.576248,139.611285,1.0,1324,1000,40,100,100,40,40.0,40.0,0.0,40.0,40.0,0.0,6.777145247875239,500000.0,785398.1633974483,99,1
Russian Federation,RUS,1099,53.756435,139.611703,1.0,1380,1000,2,1000,1000,10,10.0,10.0,0.0,10.0,10.0,0.0,6.53526869027084,500000.0,785398.1633974483,999,1
Russian Federation,RUS,1100,53.936622,139.612147,1.0,1435,1000,2,100,100,10,10.0,10.0,0.0,10.0,10.0,0.0,6.2961436981685495,500000.0,785398.1633974483,99,1
Russian Federation,RUS,1101,54.116807,139.612616,1.0,1490,1000,7,100,100,10,10.0,10.0,0.0,10.0,10.0,0.0,6.059697314929167,500000.0,785398.1633974483,99,1
Russian Federation,RUS,1102,54.296991,139.613113,1.0,1545,1000,1500,1000,1000,1599,1571.6,1574.7,277.0,1851.7,1574.7,0.015196998123827354,5.8258590713286935,500000.0,785398.1633974483,993,7
Russian Federation,RUS,1103,54.477174,139.613636,1.0,1600,1000,90,100,100,95,94.8,95.0,0.1,95.1,95.0,0.0,5.5945608835754115,500000.0,785398.1633974483,99,1
Russian Federation,RUS,1104,54.657355,139.614186,1.0,1654,1000,7,700,100,10,10.0,10.0,0.0,10.0,10.0,0.0,5.365736956133617,500000.0,785398.1633974483,699,1
Russian Federation,RUS,1105,54.837535,139.614763,1.0,1708,1000,400,1000,1000,390,389.4,389.0,5.5,394.5,389.0,0.002564102564102555,5.139323689102042,500000.0,785398.1633974483,998,2
Russian Federation,RUS,1106,55.017714,139.615369,1.0,1762,1000,1500,700,100,1599,293.6,530.1,92.9,623.0,530.1,0.6684803001876172,4.915259589910164,500000.0,785398.1633974483,693,7
Russian Federation,RUS,1107,55.197892,139.616002,1.0,1815,1000,1500,100,100,1599,293.6,530.1,92.9,623.0,530.1,0.6684803001876172,4.693485189108543,500000.0,785398.1633974483,93,7
Russian Federation,RUS,1108,55.378069,139.616664,1.0,1868,1000,260,500,100,255,255.0,254.8,1.8,256.6,254.8,0.0007843137254901489,4.473942960041114,500000.0,785398.1633974483,498,2
Russian Federation,RUS,1109,55.558244,139.617354,1.0,1920,1000,90,500,100,95,94.8,95.0,0.1,95.1,95.0,0.0,4.256577242200564,500000.0,785398.1633974483,499,1
Russian Federation,RUS,1110,55.738418,139.618074,1.0,1971,1000,90,300,100,95,94.8,95.0,0.1,95.1,95.0,0.0,4.041334168078009,500000.0,785398.1633974483,299,1
Russian Federation,RUS,1111,55.91859,139.618823,1.0,2022,1000,15,1000,1000,15,15.0,15.0,0.0,15.0,15.0,0.0,3.828161593328417,500000.0,785398.1633974483,999,1
Russian Federation,RUS,1112,56.098762,139.619602,1.0,2073,1000,1500,300,100,1599,293.6,530.1,92.9,623.0,530.1,0.6684803001876172,3.617009030084432,500000.0,785398.1633974483,293,7
Russian Federation,RUS,1113,56.278932,139.620411,1.0,2123,1000,180,500,100,167,166.8,167.0,1.2,168.2,167.0,0.0,3.407827583259291,500000.0,785398.1633974483,499,1
Russian Federation,RUS,1114,56.4591,139.621251,1.0,2172,1000,180,700,100,167,166.8,167.0,1.2,168.2,167.0,0.0,3.200569889687813,500000.0,785398.1633974483,699,1
Russian Federation,RUS,1115,56.639267,139.622122,1.0,2220,1000,260,300,100,255,255.0,254.8,1.8,256.6,254.8,0.0007843137254901489,2.995190059965381,500000.0,785398.1633974483,298,2
Russian Federation,RUS,1116,56.819433,139.623024,1.0,2268,1000,700,100,100,686,299.0,569.4,18.9,588.3,569.4,0.16997084548104957,2.7916436228486248,500000.0,785398.1633974483,97,3
Russian Federation,RUS,1117,56.999598,139.623957,1.0,2315,1000,400,700,100,390,298.8,388.8,4.3,393.1,388.8,0.003076923076923088,2.5898874720922436,500000.0,785398.1633974483,698,2
Russian Federation,RUS,1118,57.17976,139.624923,1.0,2362,1000,400,100,100,390,298.8,388.8,4.3,393.1,388.8,0.003076923076923088,2.3898798156018017,500000.0,785398.1633974483,98,2
Russian Federation,RUS,1119,57.359922,139.625921,1.0,2407,1000,2,1000,1000,10,10.0,10.0,0.0,10.0,10.0,0.0,2.191580126787784,500000.0,785398.1633974483,999,1
Russian Federation,RUS,1120,57.540082,139.626952,1.0,2452,1000,2,100,100,10,10.0,10.0,0.0,10.0,10.0,0.0,1.99494909801561,500000.0,785398.1633974483,99,1
Russian Federation,RUS,1121,57.720241,139.628016,1.0,2496,1000,1500,1000,1000,1599,1571.6,1574.7,277.0,1851.7,1574.7,0.015196998123827354,1.7999485960472157,500000.0,785398.1633974483,993,7
Russian Federation,RUS,1122,57.900398,139.629114,1.0,2539,1000,260,700,100,255,255.0,254.8,1.8,256.6,254.8,0.0007843137254901489,1.606541619380863,500000.0,785398.1633974483,698,2
Russian Federation,RUS,1123,58.080553,139.630246,1.0,2581,1000,1000,1000,1000,1048,1040.1,1041.2,89.3,1130.5,1041.2,0.0064885496183205715,1.4146922573951315,500000.0,785398.1633974483,995,5
Russian Federation,RUS,1124,58.260707,139.631412,1.0,2623,1000,260,500,100,255,255.0,254.8,1.8,256.6,254.8,0.0007843137254901489,1.2243656512133327,500000.0,785398.1633974483,498,2
Russian Federation,RUS,1125,58.44086,139.632613,1.0,2663,1000,1500,300,100,1599,293.6,530.1,92.9,623.0,530.1,0.6684803001876172,1.035527956204703,500000.0,785398.1633974483,293,7
Russian Federation,RUS,1126,58.621011,139.633848,1.0,2703,1000,7,1000,1000,10,10.0,10.0,0.0,10.0,10.0,0.0,0.8481463060455496,500000.0,785398.1633974483,999,1
Russian Federation,RUS,1127,58.801161,139.63512,1.0,2741,1000,260,700,100,255,255.0,254.8,1.8,256.6,254.8,0.0007843137254901489,0.662188778267705,500000.0,785398.1633974483,698,2
Russian Federation,RUS,1128,58.981308,139.636427,1.0,2779,1000,2,300,100,10,10.0,10.0,0.0,10.0,10.0,0.0,0.47762436122289387,500000.0,785398.1633974483,299,1
Russian Federation,RUS,1129,59.161455,139.637771,1.0,2816,1000,1500,500,100,1599,293.6,530.1,92.9,623.0,530.1,0.6684803001876172,0.294422922398752,500000.0,785398.1633974483,493,7
Russian Federation,RUS,1130,59.341599,139.639152,1.0,2852,1000,40,100,100,40,40.0,40.0,0.0,40.0,40.0,0.0,0.11255517802271697,500000.0,785398.1633974483,99,1
Russian Federation,RUS,1131,59.521742,139.64057,1.0,2887,1000,1000,1000,1000,1048,1040.1,1041.2,89.3,1130.5,1041.2,0.0064885496183205715,0.06800733610492671,500000.0,785398.1633974483,995,5
Russian Federation,RUS,1132,59.701884,139.642025,1.0,2921,1000,2,1000,1000,10,10.0,10.0,0.0,10.0,10.0,0.0,0.24729229260577767,500000.0,785398.1633974483,999,1
Russian Federation,RUS,1133,59.882023,139.643519,1.0,2954,1000,1500,100,100,1599,293.6,530.1,92.9,623.0,530.1,0.6684803001876172,0.42532659939882933,500000.0,785398.1633974483,93,7
Russian Federation,RUS,1134,60.062162,139.645051,1.0,2986,1000,400,1000,1000,390,389.4,389.0,5.5,394.5,389.0,0.002564102564102555,0.6021364255076378,500000.0,785398.1633974483,998,2
Russian Federation,RUS,1135,60.242298,139.646622,1.0,3017,1000,180,700,100,167,166.8,167.0,1.2,168.2,167.0,0.0,0.7777472258481453,500000.0,785398.1633974483,699,1
Russian Federation,RUS,1136,60.422433,139.648232,1.0,3047,1000,7,500,100,10,10.0,10.0,0.0,10.0,10.0,0.0,0.9521837650415819,500000.0,785398.1633974483,499,1
Russian Federation,RUS,1137,60.602565,139.649882,1.0,3076,1000,180,500,100,167,166.8,167.0,1.2,168.2,167.0,0.0,1.1254701402972103,500000.0,785398.1633974483,499,1
Russian Federation,RUS,1138,60.782697,139.651573,1.0,3104,1000,260,300,100,255,255.0,254.8,1.8,256.6,254.8,0.0007843137254901489,1.2976298034058118,500000.0,785398.1633974483,298,2
Russian Federation,RUS,1139,60.962826,139.653304,1.0,3131,1000,7,300,100,10,10.0,10.0,0.0,10.0,10.0,0.0,1.4686855818830509,500000.0,785398.1633974483,299,1
Russian Federation,RUS,1140,61.142954,139.655076,1.0,3157,1000,40,300,100,40,40.0,40.0,0.0,40.0,40.0,0.0,1.6386596993006322,500000.0,785398.1633974483,299,1
Russian Federation,RUS,1141,61.323079,139.65689,1.0,3182,1000,90,100,100,95,94.8,95.0,0.1,95.1,95.0,0.0,1.807573794840124,500000.0,785398.1633974483,99,1
Russian Federation,RUS,1142,61.503203,139.658746,1.0,3206,1000,7,300,100,10,10.0,10.0,0.0,10.0,10.0,0.0,1.9754489421039239,500000.0,785398.1633974483,299,1
Russian Federation,RUS,1143,61.683326,139.660644,1.0,3229,1000,2,700,100,10,10.0,10.0,0.0,10.0,10.0,0.0,2.1423056672153677,500000.0,785398.1633974483,699,1
Russian Federation,RUS,1144,61.863446,139.662586,1.0,3252,1000,700,300,100,686,299.0,569.4,18.9,588.3,569.4,0.16997084548104957,2.3081639662380553,500000.0,785398.1633974483,297,3
Russian Federation,RUS,1145,62.043564,139.664571,1.0,3273,1000,260,100,100,255,255.0,254.8,1.8,256.6,254.8,0.0007843137254901489,2.4730433219447434,500000.0,785398.1633974483,98,2
Russian Federation,RUS,1146,62.223681,139.6666,1.0,3293,1000,180,700,100,167,166.8,167.0,1.2,168.2,167.0,0.0,2.6369627199620993,500000.0,785398.1633974483,699,1
Russian Federation,RUS,1147,62.403796,139.668673,1.0,3312,1000,400,100,100,390,298.8,388.8,4.3,393.1,388.8,0.003076923076923088,2.7999406643191946,500000.0,785398.1633974483,98,2
Russian Federation,RUS,1148,62.583908,139.670792,1.0,3330,1000,40,500,100,40,40.0,40.0,0.0,40.0,40.0,0.0,2.961995192423757,500000.0,785398.1633974483,499,1
Russian Federation,RUS,1149,62.764019,139.672956,1.0,3347,1000,15,300,100,15,15.0,15.0,0.0,15.0,15.0,0.0,3.1231438894910752,500000.0,785398.1633974483,299,1
Russian Federation,RUS,1150,62.944128,139.675166,1.0,3364,1000,260,300,100,255,255.0,254.8,1.8,256.6,254.8,0.0007843137254901489,3.2834039024478727,500000.0,785398.1633974483,298,2
Russian Federation,RUS,1151,63.124235,139.677422,1.0,3379,1000,400,300,100,390,298.8,388.8,4.3,393.1,388.8,0.003076923076923088,3.442791953333142,500000.0,785398.1633974483,298,2
Russian Federation,RUS,1152,63.30434,139.679725,1.0,3393,1000,700,500,100,686,299.0,569.4,18.9,588.3,569.4,0.16997084548104957,3.6013243522166647,500000.0,785398.1633974483,497,3
Russian Federation,RUS,1153,63.484442,139.682076,1.0,3406,1000,260,500,100,255,255.0,254.8,1.8,256.6,254.8,0.0007843137254901489,3.7590170096555937,500000.0,785398.1633974483,498,2
Russian Federation,RUS,1154,63.664543,139.684474,1.0,3419,1000,15,300,100,15,15.0,15.0,0.0,15.0,15.0,0.0,3.915885448706831,500000.0,785398.1633974483,299,1
Russian Federation,RUS,1155,63.844642,139.686922,1.0,3430,1000,260,300,100,255,255.0,254.8,1.8,256.6,254.8,0.0007843137254901489,4.071944816514701,500000.0,785398.1633974483,298,2
Russian Federation,RUS,1156,64.024738,139.689418,1.0,3441,1000,40,300,100,40,40.0,40.0,0.0,40.0,40.0,0.0,4.227209895490063,500000.0,785398.1633974483,299,1
Russian Federation,RUS,1157,64.204833,139.691964,1.0,3450,1000,1500,1000,1000,1599,1571.6,1574.7,277.0,1851.7,1574.7,0.015196998123827354,4.38169511409771,500000.0,785398.1633974483,993,7
Russian Federation,RUS,1158,64.384925,139.69456,1.0,3458,1000,180,700,100,167,166.8,167.0,1.2,168.2,167.0,0.0,4.5354145572680125,500000.0,785398.1633974483,699,1
Russian Federation,RUS,1159,64.565016,139.697207,1.0,3466,1000,1500,300,100,1599,293.6,530.1,92.9,623.0,530.1,0.6684803001876172,4.688381976447147,500000.0,785398.1633974483,293,7
Russian Federation,RUS,1160,64.745104,139.699905,1.0,3473,1000,15,1000,1000,15,15.0,15.0,0.0,15.0,15.0,0.0,4.840610799301231,500000.0,785398.1633974483,999,1
Russian Federation,RUS,1161,64.92519,139.702655,1.0,3478,1000,40,1000,1000,40,40.0,40.0,0.0,40.0,40.0,0.0,4.992114139086908,500000.0,785398.1633974483,999,1
Russian Federation,RUS,1162,65.105273,139.705457,1.0,3483,1000,7,100,100,10,10.0,10.0,0.0,10.0,10.0,0.0,5.142904803702436,500000.0,785398.1633974483,99,1
Russian Federation,RUS,1163,65.285355,139.708312,1.0,3487,1000,7,300,100,10,10.0,10.0,0.0,10.0,10.0,0.0,5.292995304431258,500000.0,785398.1633974483,299,1
Russian Federation,RUS,1164,65.465434,139.711221,1.0,3490,1000,700,1000,1000,686,683.2,684.4,23.3,707.6999999999999,684.4,0.0023323615160349975,5.442397864390159,500000.0,785398.1633974483,997,3
Russian Federation,RUS,1165,65.645511,139.714184,1.0,3491,1000,40,500,100,40,40.0,40.0,0.0,40.0,40.0,0.0,5.59112442669354,500000.0,785398.1633974483,499,1
Russian Federation,RUS,1166,65.825585,139.717201,1.0,3492,1000,700,1000,1000,686,683.2,684.4,23.3,707.6999999999999,684.4,0.0023323615160349975,5.739186662344679,500000.0,785398.1633974483,997,3
Russian Federation,RUS,1167,66.005658,139.720274,1.0,3492,1000,90,700,100,95,94.8,95.0,0.1,95.1,95.0,0.0,5.886595977864289,500000.0,785398.1633974483,699,1
Russian Federation,RUS,1168,66.185728,139.723403,1.0,3492,1000,400,700,100,390,298.8,388.8,4.3,393.1,388.8,0.003076923076923088,6.033363522666775,500000.0,785398.1633974483,698,2
Russian Federation,RUS,1169,66.365795,139.726588,1.0,3490,1000,90,700,100,95,94.8,95.0,0.1,95.1,95.0,0.0,6.17950019619343,500000.0,785398.1633974483,699,1
Russian Federation,RUS,1170,66.545861,139.72983,1.0,3487,1000,90,700,100,95,94.8,95.0,0.1,95.1,95.0,0.0,6.32501665481189,500000.0,785398.1633974483,699,1
Russian Federation,RUS,1171,66.725924,139.733131,1.0,3483,1000,400,1000,1000,390,389.4,389.0,5.5,394.5,389.0,0.002564102564102555,6.469923318490544,500000.0,785398.1633974483,998,2
Russian Federation,RUS,1172,66.905984,139.736489,1.0,3479,1000,400,700,100,390,298.8,388.8,4.3,393.1,388.8,0.003076923076923088,6.614230377256661,500000.0,785398.1633974483,698,2
Russian Federation,RUS,1173,67.086042,139.739907,1.0,3473,1000,1000,100,100,1048,298.4,567.4,45.8,613.1999999999999,567.4,0.458587786259542,6.757947797445752,500000.0,785398.1633974483,95,5
Russian Federation,RUS,1174,67.266098,139.743384,1.0,3466,1000,40,300,100,40,40.0,40.0,0.0,40.0,40.0,0.0,6.901085327750394,500000.0,785398.1633974483,299,1
Russian Federation,RUS,1175,67.446151,139.746922,1.0,3459,1000,2,1000,1000,10,10.0,10.0,0.0,10.0,10.0,0.0,7.043652505075585,500000.0,785398.1633974483,999,1
Russian Federation,RUS,1176,67.626201,139.75052,1.0,3450,1000,1000,1000,1000,1048,1040.1,1041.2,89.3,1130.5,1041.2,0.0064885496183205715,7.185658660207906,500000.0,785398.1633974483,995,5
Russian Federation,RUS,1177,67.806249,139.754181,1.0,3441,1000,1000,300,100,1048,298.4,567.4,45.8,613.1999999999999,567.4,0.458587786259542,7.327112923305208,500000.0,785398.1633974483,295,5
Russian Federation,RUS,1178,67.986294,139.757903,1.0,3431,1000,180,500,100,167,166.8,167.0,1.2,168.2,167.0,0.0,7.468024229213626,500000.0,785398.1633974483,499,1
Russian Federation,RUS,1179,68.166337,139.761689,1.0,3419,1000,1500,1000,1000,1599,1571.6,1574.7,277.0,1851.7,1574.7,0.015196998123827354,7.608401322617482,500000.0,785398.1633974483,993,7
Russian Federation,RUS,1180,68.346377,139.765538,1.0,3407,1000,260,100,100,255,255.0,254.8,1.8,256.6,254.8,0.0007843137254901489,7.748252763028972,500000.0,785398.1633974483,98,2
Russian Federation,RUS,1181,68.526415,139.769452,1.0,3394,1000,1500,700,100,1599,293.6,530.1,92.9,623.0,530.1,0.6684803001876172,7.887586929622785,500000.0,785398.1633974483,693,7
Russian Federation,RUS,1182,68.70645,139.773431,1.0,3380,1000,2,300,100,10,10.0,10.0,0.0,10.0,10.0,0.0,8.02641202592136,500000.0,785398.1633974483,299,1
Russian Federation,RUS,1183,68.886482,139.777476,1.0,3365,1000,2,1000,1000,10,10.0,10.0,0.0,10.0,10.0,0.0,8.164736084336141,500000.0,785398.1633974483,999,1
Russian Federation,RUS,1184,69.066511,139.781587,1.0,3348,1000,7,300,100,10,10.0,10.0,0.0,10.0,10.0,0.0,8.302566970569899,500000.0,785398.1633974483,299,1
Russian Federation,RUS,1185,69.246538,139.785766,1.0,3331,1000,2,500,100,10,10.0,10.0,0.0,10.0,10.0,0.0,8.439912387884789,500000.0,785398.1633974483,499,1
Russian Federation,RUS,1186,69.426562,139.790012,1.0,3313,1000,40,100,100,40,40.0,40.0,0.0,40.0,40.0,0.0,8.576779881241436,500000.0,785398.1633974483,99,1
Russian Federation,RUS,1187,69.606583,139.794328,1.0,3294,1000,700,300,100,686,299.0,569.4,18.9,588.3,569.4,0.16997084548104957,8.71317684131273,500000.0,785398.1633974483,297,3
Russian Federation,RUS,1188,69.786602,139.798713,1.0,3274,1000,1500,700,100,1599,293.6,530.1,92.9,623.0,530.1,0.6684803001876172,8.84911050837735,500000.0,785398.1633974483,693,7
Russian Federation,RUS,1189,69.966617,139.803168,1.0,3253,1000,180,1000,1000,167,167.0,167.0,1.1,168.1,167.0,0.0,8.984587976096918,500000.0,785398.1633974483,999,1
Russian Federation,RUS,1190,70.14663,139.807695,1.0,3231,1000,2,100,100,10,10.0,10.0,0.0,10.0,10.0,0.0,9.119616195180697,500000.0,785398.1633974483,99,1
Russian Federation,RUS,1191,70.326639,139.812293,1.0,3208,1000,1500,500,100,1599,293.6,530.1,92.9,623.0,530.1,0.6684803001876172,9.254201976941857,500000.0,785398.1633974483,493,7
Russian Federation,RUS,1192,70.506646,139.816964,1.0,3184,1000,400,500,100,390,298.8,388.8,4.3,393.1,388.8,0.003076923076923088,9.38835199674898,500000.0,785398.1633974483,498,2
Russian Federation,RUS,1193,70.68665,139.821708,1.0,3159,1000,7,100,100,10,10.0,10.0,0.0,10.0,10.0,0.0,9.522072797376211,500000.0,785398.1633974483,99,1
Russian Federation,RUS,1194,70.866651,139.826527,1.0,3134,1000,2,700,100,10,10.0,10.0,0.0,10.0,10.0,0.0,9.655370792255496,500000.0,785398.1633974483,699,1
Russian Federation,RUS,1195,71.046648,139.831421,1.0,3107,1000,15,500,100,15,15.0,15.0,0.0,15.0,15.0,0.0,9.78825226863458,500000.0,785398.1633974483,499,1
Russian Federation,RUS,1196,71.226643,139.836391,1.0,3079,1000,90,300,100,95,94.8,95.0,0.1,95.1,95.0,0.0,9.920723390643445,500000.0,785398.1633974483,299,1
Russian Federation,RUS,1197,71.406635,139.841438,1.0,3050,1000,90,300,100,95,94.8,95.0,0.1,95.1,95.0,0.0,10.052790202272263,500000.0,785398.1633974483,299,1
Russian Federation,RUS,1198,71.586623,139.846562,1.0,3020,1000,400,100,100,390,298.8,388.8,4.3,393.1,388.8,0.003076923076923088,10.184458630264288,500000.0,785398.1633974483,98,2
Russian Federation,RUS,1199,71.766608,139.851765,1.0,2989,1000,260,100,100,255,255.0,254.8,1.8,256.6,254.8,0.0007843137254901489,10.31573448692589,500000.0,785398.1633974483,98,2
Russian Federation,RUS,1200,71.946591,139.857048,1.0,2957,1000,15,500,100,15,15.0,15.0,0.0,15.0,15.0,0.0,10.44662347285697,500000.0,785398.1633974483,499,1
Russian Federation,RUS,1201,72.12657,139.862411,1.0,2925,1000,2,300,100,10,10.0,10.0,0.0,10.0,10.0,0.0,10.577131179603782,500000.0,785398.1633974483,299,1
Russian Federation,RUS,1202,72.306545,139.867855,1.0,2891,1000,15,700,100,15,15.0,15.0,0.0,15.0,15.0,0.0,10.707263092237525,500000.0,785398.1633974483,699,1
Russian Federation,RUS,1203,72.486518,139.873381,1.0,2856,1000,1500,1000,1000,1599,1571.6,1574.7,277.0,1851.7,1574.7,0.015196998123827354,10.837024591860171,500000.0,785398.1633974483,993,7
Russian Federation,RUS,1204,72.666487,139.87899,1.0,2821,1000,400,300,100,390,298.8,388.8,4.3,393.1,388.8,0.003076923076923088,10.966420958040572,500000.0,785398.1633974483,298,2
Russian Federation,RUS,1205,72.846453,139.884683,1.0,2784,1000,15,500,100,15,15.0,15.0,0.0,15.0,15.0,0.0,11.095457371182817,500000.0,785398.1633974483,499,1
Russian Federation,RUS,1206,73.026415,139.890462,1.0,2747,1000,700,300,100,686,299.0,569.4,18.9,588.3,569.4,0.16997084548104957,11.22413891482907,500000.0,785398.1633974483,297,3
Russian Federation,RUS,1207,73.206375,139.896326,1.0,2709,1000,180,100,100,167,166.8,167.0,1.2,168.2,167.0,0.0,11.352470577898913,500000.0,785398.1633974483,99,1
Russian Federation,RUS,1208,73.38633,139.902277,1.0,2669,1000,1000,1000,1000,1048,1040.1,1041.2,89.3,1130.5,1041.2,0.0064885496183205715,11.480457256867254,500000.0,785398.1633974483,995,5
Russian Federation,RUS,1209,73.566282,139.908316,1.0,2629,1000,1500,1000,1000,1599,1571.6,1574.7,277.0,1851.7,1574.7,0.015196998123827354,11.608103757882816,500000.0,785398.1633974483,993,7
Russian Federation,RUS,1210,73.746231,139.914443,1.0,2588,1000,7,500,100,10,10.0,10.0,0.0,10.0,10.0,0.0,11.73541479882897,500000.0,785398.1633974483,499,1
Russian Federation,RUS,1211,73.926176,139.920661,1.0,2546,1000,7,300,100,10,10.0,10.0,0.0,10.0,10.0,0.0,11.862395011328715,500000.0,785398.1633974483,299,1
Russian Federation,RUS,1212,74.106118,139.92697,1.0,2504,1000,400,100,100,390,298.8,388.8,4.3,393.1,388.8,0.003076923076923088,11.989048942695689,500000.0,785398.1633974483,98,2
Russian Federation,RUS,1213,74.286056,139.933371,1.0,2460,1000,180,300,100,167,166.8,167.0,1.2,168.2,167.0,0.0,12.115381057832735,500000.0,785398.1633974483,299,1
Russian Federation,RUS,1214,74.46599,139.939864,1.0,2416,1000,400,1000,1000,390,389.4,389.0,5.5,394.5,389.0,0.002564102564102555,12.24139574107977,500000.0,785398.1633974483,998,2
Russian Federation,RUS,1215,74.645921,139.946452,1.0,2371,1000,40,1000,1000,40,40.0,40.0,0.0,40.0,40.0,0.0,12.367097298012368,500000.0,785398.1633974483,999,1
Russian Federation,RUS,1216,74.825848,139.953135,1.0,2325,1000,1500,1000,1000,1599,1571.6,1574.7,277.0,1851.7,1574.7,0.015196998123827354,12.492489957192731,500000.0,785398.1633974483,993,7
Russian Federation,RUS,1217,75.005771,139.959914,1.0,2278,1000,700,500,100,686,299.0,569.4,18.9,588.3,569.4,0.16997084548104957,12.617577871874431,500000.0,785398.1633974483,497,3
Russian Federation,RUS,1218,75.18569,139.966791,1.0,2231,1000,7,300,100,10,10.0,10.0,0.0,10.0,10.0,0.0,12.74236512166243,500000.0,785398.1633974483,299,1
Russian Federation,RUS,1219,75.365606,139.973766,1.0,2183,1000,700,500,100,686,299.0,569.4,18.9,588.3,569.4,0.16997084548104957,12.866855714129343,500000.0,785398.1633974483,497,3
Russian Federation,RUS,1220,75.545518,139.980841,1.0,2134,1000,1500,100,100,1599,293.6,530.1,92.9,623.0,530.1,0.6684803001876172,12.991053586390052,500000.0,785398.1633974483,93,7
Russian Federation,RUS,1221,75.725426,139.988017,1.0,2085,1000,2,300,100,10,10.0,10.0,0.0,10.0,10.0,0.0,13.114962606634833,500000.0,785398.1633974483,299,1
Russian Federation,RUS,1222,75.905329,139.995295,1.0,2035,1000,400,300,100,390,298.8,388.8,4.3,393.1,388.8,0.003076923076923088,13.238586575623515,500000.0,785398.1633974483,298,2
Russian Federation,RUS,1223,76.085229,140.002676,1.0,1984,1000,180,700,100,167,166.8,167.0,1.2,168.2,167.0,0.0,13.361929228140639,500000.0,785398.1633974483,699,1
Russian Federation,RUS,1224,76.265125,140.010161,1.0,1933,1000,15,100,100,15,15.0,15.0,0.0,15.0,15.0,0.0,13.484994234413563,500000.0,785398.1633974483,99,1
Russian Federation,RUS,1225,76.445017,140.017752,1.0,1882,1000,15,100,100,15,15.0,15.0,0.0,15.0,15.0,0.0,13.607785201494153,500000.0,785398.1633974483,99,1
Russian Federation,RUS,1226,76.624905,140.025451,1.0,1830,1000,1500,100,100,1599,293.6,530.1,92.9,623.0,530.1,0.6684803001876172,13.730305674605773,500000.0,785398.1633974483,93,7
Russian Federation,RUS,1227,76.804788,140.033257,1.0,1777,1000,700,1000,1000,686,683.2,684.4,23.3,707.6999999999999,684.4,0.0023323615160349975,13.85255913845549,500000.0,785398.1633974483,997,3
Russian Federation,RUS,1228,76.984668,140.041172,1.0,1724,1000,260,500,100,255,255.0,254.8,1.8,256.6,254.8,0.0007843137254901489,13.974549018513812,500000.0,785398.1633974483,498,2
Russian Federation,RUS,1229,77.164543,140.049199,1.0,1671,1000,90,700,100,95,94.8,95.0,0.1,95.1,95.0,0.0,14.096278682261868,500000.0,785398.1633974483,699,1
Russian Federation,RUS,1230,77.344413,140.057337,1.0,1617,1000,90,700,100,95,94.8,95.0,0.1,95.1,95.0,0.0,14.217751440407483,500000.0,785398.1633974483,699,1
Russian Federation,RUS,1231,77.52428,140.065589,1.0,1563,1000,40,500,100,40,40.0,40.0,0.0,40.0,40.0,0.0,14.338970548071018,500000.0,785398.1633974483,499,1
Russian Federation,RUS,1232,77.704142,140.073956,1.0,1509,1000,700,300,100,686,299.0,569.4,18.9,588.3,569.4,0.16997084548104957,14.45993920594168,500000.0,785398.1633974483,297,3
Russian Federation,RUS,1233,77.884,140.082439,1.0,1454,1000,700,500,100,686,299.0,569.4,18.9,588.3,569.4,0.16997084548104957,14.580660561405324,500000.0,785398.1633974483,497,3
Russian Federation,RUS,1234,78.063853,140.091039,1.0,1399,1000,700,700,100,686,299.0,569.4,18.9,588.3,569.4,0.16997084548104957,14.701137709644286,500000.0,785398.1633974483,697,3
Russian Federation,RUS,1235,78.243701,140.099758,1.0,1344,1000,1000,500,100,1048,298.4,567.4,45.8,613.1999999999999,567.4,0.458587786259542,14.82137369471053,500000.0,785398.1633974483,495,5
Russian Federation,RUS,1236,78.423546,140.108598,1.0,1289,1000,260,500,100,255,255.0,254.8,1.8,256.6,254.8,0.0007843137254901489,14.941371510572282,500000.0,785398.1633974483,498,2
Russian Federation,RUS,1237,78.603385,140.11756,1.0,1234,1000,15,100,100,15,15.0,15.0,0.0,15.0,15.0,0.0,15.061134102135355,500000.0,785398.1633974483,99,1
Russian Federation,RUS,1238,78.78322,140.126645,1.0,1179,1000,700,1000,1000,686,683.2,684.4,23.3,707.6999999999999,684.4,0.0023323615160349975,15.18066436623971,500000.0,785398.1633974483,997,3
Russian Federation,RUS,1239,78.96305,140.135855,1.0,1124,1000,260,500,100,255,255.0,254.8,1.8,256.6,254.8,0.0007843137254901489,15.299965152631842,500000.0,785398.1633974483,498,2
Russian Federation,RUS,1240,79.142875,140.145191,1.0,1070,1000,40,700,100,40,40.0,40.0,0.0,40.0,40.0,0.0,15.419039264913778,500000.0,785398.1633974483,699,1
Russian Federation,RUS,1241,79.322696,140.154655,1.0,1015,1000,15,500,100,15,15.0,15.0,0.0,15.0,15.0,0.0,15.537889461469518,500000.0,785398.1633974483,499,1
Russian Federation,RUS,1242,79.502512,140.164248,1.0,960,1000,260,300,100,255,255.0,254.8,1.8,256.6,254.8,0.0007843137254901489,15.656518456369156,500000.0,785398.1633974483,298,2
Russian Federation,RUS,1243,79.682322,140.173973,1.0,906,1000,90,300,100,95,94.8,95.0,0.1,95.1,95.0,0.0,15.77492892025154,500000.0,785398.1633974483,299,1
Russian Federation,RUS,1244,79.862128,140.18383,1.0,853,1000,180,1000,1000,167,167.0,167.0,1.1,168.1,167.0,0.0,15.893123481185967,500000.0,785398.1633974483,999,1
Russian Federation,RUS,1245,80.041929,140.193822,1.0,799,1000,7,100,100,10,10.0,10.0,0.0,10.0,10.0,0.0,16.01110472551383,500000.0,785398.1633974483,99,1
Russian Federation,RUS,1246,80.221725,140.20395,1.0,746,1000,180,100,100,167,166.8,167.0,1.2,168.2,167.0,0.0,16.128875198670073,500000.0,785398.1633974483,99,1
Russian Federation,RUS,1247,80.401515,140.214216,1.0,694,1000,15,1000,1000,15,15.0,15.0,0.0,15.0,15.0,0.0,16.246437405985574,500000.0,785398.1633974483,999,1
Russian Federation,RUS,1248,80.581301,140.224621,1.0,642,1000,40,700,100,40,40.0,40.0,0.0,40.0,40.0,0.0,16.36379381347095,500000.0,785398.1633974483,699,1
Russian Federation,RUS,1249,80.761081,140.235167,1.0,592,1000,15,1000,1000,15,15.0,15.0,0.0,15.0,15.0,0.0,16.480946848581908,500000.0,785398.1633974483,999,1
Russian Federation,RUS,1250,80.940855,140.245856,1.0,542,1000,90,300,100,95,94.8,95.0,0.1,95.1,95.0,0.0,16.59789890096698,500000.0,785398.1633974483,299,1
Russian Federation,RUS,1251,81.120625,140.25669,1.0,493,1000,7,300,100,10,10.0,10.0,0.0,10.0,10.0,0.0,16.71465232319798,500000.0,785398.1633974483,299,1
Russian Federation,RUS,1252,81.300389,140.267671,1.0,445,1000,260,500,100,255,255.0,254.8,1.8,256.6,254.8,0.0007843137254901489,16.8312094314837,500000.0,785398.1633974483,498,2
Russian Federation,RUS,1253,81.480147,140.2788,1.0,398,1000,2,300,100,10,10.0,10.0,0.0,10.0,10.0,0.0,16.94757250636718,500000.0,785398.1633974483,299,1
Russian Federation,RUS,1254,81.6599,140.290079,1.0,352,1000,40,700,100,40,40.0,40.0,0.0,40.0,40.0,0.0,17.063743793407184,500000.0,785398.1633974483,699,1
Russian Federation,RUS,1255,81.839647,140.301511,1.0,308,1000,2,100,100,10,10.0,10.0,0.0,10.0,10.0,0.0,17.179725503844026,500000.0,785398.1633974483,99,1
Russian Federation,RUS,1256,82.019389,140.313097,1.0,266,1000,180,500,100,167,166.8,167.0,1.2,168.2,167.0,0.0,17.295519815250458,500000.0,785398.1633974483,499,1
Russian Federation,RUS,1257,82.199125,140.324839,1.0,225,1000,180,300,100,167,166.8,167.0,1.2,168.2,167.0,0.0,17.411128872167836,500000.0,785398.1633974483,299,1
Russian Federation,RUS,1258,82.378855,140.33674,1.0,186,1000,2,1000,1000,10,10.0,10.0,0.0,10.0,10.0,0.0,17.526554786727843,500000.0,785398.1633974483,999,1
Russian Federation,RUS,1259,82.558579,140.348801,1.0,149,1000,2,1000,1000,10,10.0,10.0,0.0,10.0,10.0,0.0,17.641799639260427,500000.0,785398.1633974483,999,1
Russian Federation,RUS,1260,82.738297,140.361024,1.0,115,1000,40,700,100,40,40.0,40.0,0.0,40.0,40.0,0.0,17.756865478888187,500000.0,785398.1633974483,699,1
Russian Federation,RUS,1261,82.91801,140.373412,1.0,84,1000,2,100,100,10,10.0,10.0,0.0,10.0,10.0,0.0,17.8717543241074,500000.0,785398.1633974483,99,1
Russian Federation,RUS,1262,83.097716,140.385967,1.0,56,1000,2,700,100,10,10.0,10.0,0.0,10.0,10.0,0.0,17.98646816335622,500000.0,785398.1633974483,699,1
Russian Federation,RUS,1263,83.277416,140.39869,1.0,31,1000,7,500,100,10,10.0,10.0,0.0,10.0,10.0,0.0,18.101008955570393,500000.0,785398.1633974483,499,1
Russian Federation,RUS,1264,83.457109,140.411585,1.0,12,1000,7,500,100,10,10.0,10.0,0.0,10.0,10.0,0.0,18.21537863072672,500000.0,785398.1633974483,499,1
