nodes,10.000000,11.000000,12.000000,13.000000,14.000000,15.000000,16.000000,17.000000,18.000000,19.000000,20.000000,21.000000,22.000000,23.000000,24.000000,25.000000,26.000000,27.000000,28.000000,29.000000,30.000000,31.000000,32.000000,33.000000,34.000000,35.000000,36.000000,37.000000,38.000000,40.000000,41.000000,42.000000,43.000000,44.000000,46.000000,47.000000,49.000000,50.000000,52.000000,53.000000,55.000000,56.000000,58.000000,60.000000,61.000000,63.000000,65.000000,67.000000,69.000000,71.000000,73.000000,75.000000,78.000000,80.000000,82.000000,85.000000,87.000000,90.000000,92.000000,95.000000,98.000000,101.000000,104.000000,107.000000,110.000000,114.000000,117.000000,120.000000,124.000000,128.000000,131.000000,135.000000,139.000000,143.000000,148.000000,152.000000,157.000000,161.000000,166.000000,171.000000,176.000000,181.000000,187.000000,192.000000,198.000000,204.000000,210.000000,216.000000,223.000000,229.000000,236.000000,243.000000,250.000000,258.000000,265.000000,273.000000,281.000000,290.000000,298.000000,307.000000,316.000000,326.000000,335.000000,345.000000,356.000000,366.000000,377.000000,388.000000,400.000000,412.000000,424.000000,436.000000,449.000000,463.000000,476.000000,491.000000,505.000000,520.000000,536.000000,551.000000,568.000000,585.000000,602.000000,620.000000,638.000000,657.000000,677.000000,697.000000,718.000000,739.000000,761.000000,784.000000,807.000000,831.000000,855.000000,881.000000,907.000000,934.000000,962.000000,990.000000,1020.000000,1050.000000,1081.000000,1113.000000,1146.000000,1180.000000,1215.000000,1252.000000,1289.000000,1327.000000,1366.000000,1407.000000,1449.000000,1492.000000,1536.000000,1582.000000,1629.000000,1677.000000,1727.000000,1778.000000,1831.000000,1885.000000,1941.000000,1999.000000,2059.000000,2120.000000,2183.000000,2247.000000,2314.000000,2383.000000,2454.000000,2527.000000,2602.000000,2679.000000,2759.000000,2840.000000,2925.000000,3012.000000,3101.000000,3193.000000,3288.000000,3386.000000,3486.000000,3590.000000,3697.000000,3806.000000,3919.000000,4036.000000,4156.000000,4279.000000,4406.000000,4537.000000,4672.000000,4811.000000,4954.000000,5101.000000,5252.000000,5408.000000,5569.000000,5734.000000,5905.000000,6080.000000,6261.000000,6446.000000,6638.000000,6835.000000,7038.000000,7247.000000,7462.000000,7684.000000,7912.000000,8147.000000,8389.000000,8639.000000,8895.000000,9159.000000,9431.000000,9712.000000,10000.000000
driver-CR1-24p-dec_payld-base-tx_power_mw,1000.000000,1000.000000,1000.000000,1000.000000,1000.000000,1000.000000,1000.000000,1000.000000,1000.000000,1000.000000,1000.000000,1000.000000,1000.000000,1000.000000,1000.000000,1000.000000,1000.000000,1000.000000,1000.000000,1000.000000,1000.000000,1000.000000,1000.000000,1000.000000,1000.000000,1000.000000,1000.000000,1000.000000,1000.000000,1000.000000,1000.000000,1000.000000,1000.000000,1000.000000,1000.000000,1000.000000,1000.000000,1000.000000,1000.000000,1000.000000,1000.000000,1000.000000,1000.000000,1000.000000,1000.000000,1000.000000,1000.000000,1000.000000,1000.000000,1000.000000,1000.000000,1000.000000,1000.000000,1000.000000,1000.000000,1000.000000,1000.000000,1000.000000,1000.000000,1000.000000,1000.000000,1000.000000,1000.000000,1000.000000,1000.000000,1000.000000,1000.000000,1000.000000,1000.000000,1000.000000,1000.000000,1000.000000,1000.000000,1000.000000,1000.000000,1000.000000,1000.000000,1000.000000,1000.000000,1000.000000,1000.000000,1000.000000,1000.000000,1000.000000,1000.000000,1000.000000,1000.000000,1000.000000,1000.000000,1000.000000,1000.000000,1000.000000,1000.000000,1000.000000,1000.000000,1000.000000,1000.000000,1000.000000,1000.000000,1000.000000,1000.000000,1000.000000,1000.000000,1000.000000,1000.000000,1000.000000,1000.000000,1000.000000,1000.000000,1000.000000,1000.000000,1000.000000,1000.000000,1000.000000,1000.000000,1000.000000,1000.000000,1000.000000,1000.000000,1000.000000,1000.000000,1000.000000,1000.000000,1000.000000,1000.000000,1000.000000,1000.000000,1000.000000,1000.000000,1000.000000,1000.000000,1000.000000,1000.000000,1000.000000,1000.000000,1000.000000,1000.000000,1000.000000,1000.000000,1000.000000,1000.000000,1000.000000,1000.000000,1000.000000,1000.000000,1000.000000,1000.000000,1000.000000,1000.000000,1000.000000,1000.000000,1000.000000,1000.000000,1000.000000,1000.000000,1000.000000,1000.000000,1000.000000,1000.000000,1000.000000,1000.000000,1000.000000,1000.000000,1000.000000,1000.000000,1000.000000,1000.000000,1000.000000,1000.000000,1000.000000,1000.000000,1000.000000,1000.000000,1000.000000,1000.000000,1000.000000,1000.000000,1000.000000,1000.000000,1000.000000,1000.000000,1000.000000,1000.000000,1000.000000,1000.000000,1000.000000,1000.000000,1000.000000,1000.000000,1000.000000,1000.000000,1000.000000,1000.000000,1000.000000,1000.000000,1000.000000,1000.000000,1000.000000,1000.000000,1000.000000,1000.000000,1000.000000,1000.000000,1000.000000,1000.000000,1000.000000,1000.000000,1000.000000,1000.000000,1000.000000,1000.000000,1000.000000,1000.000000,1000.000000,1000.000000,1000.000000,1000.000000,1000.000000,1000.000000
driver-CR1-24p-dec_payld-base-attenuation_linear,8.960794e-16,7.545944e-16,8.285594e-16,8.125850e-16,9.611959e-16,8.937049e-16,9.139190e-16,8.578702e-16,8.587529e-16,8.805527e-16,1.001346e-15,9.730935e-16,8.629916e-16,9.123866e-16,8.755161e-16,8.815889e-16,8.297719e-16,8.679124e-16,8.815835e-16,8.794691e-16,8.155376e-16,9.202812e-16,9.146474e-16,9.198463e-16,8.085028e-16,8.959802e-16,9.351346e-16,9.110374e-16,8.463217e-16,8.585369e-16,9.064795e-16,8.860392e-16,9.107804e-16,8.799641e-16,8.856400e-16,8.226678e-16,8.232092e-16,8.349488e-16,8.472712e-16,8.249219e-16,8.172129e-16,8.227354e-16,8.702595e-16,9.066519e-16,9.098575e-16,8.939257e-16,8.292282e-16,8.151572e-16,7.946633e-16,7.882459e-16,8.400532e-16,8.539481e-16,8.630009e-16,7.943562e-16,8.568070e-16,8.041472e-16,8.088975e-16,8.220163e-16,8.193600e-16,8.483531e-16,7.642865e-16,7.638277e-16,7.691786e-16,7.685746e-16,7.731988e-16,7.741857e-16,8.158711e-16,7.946279e-16,7.746376e-16,7.932503e-16,7.780443e-16,7.937684e-16,7.957478e-16,7.962490e-16,7.902247e-16,7.615565e-16,7.721227e-16,7.735538e-16,7.677072e-16,7.612729e-16,7.638842e-16,7.855233e-16,7.963638e-16,7.907387e-16,7.892329e-16,7.609997e-16,7.737941e-16,7.771501e-16,7.827154e-16,8.007197e-16,8.093745e-16,8.039649e-16,8.331306e-16,8.316473e-16,8.414636e-16,8.502189e-16,8.547859e-16,8.596516e-16,8.703263e-16,8.620648e-16,8.704065e-16,8.611513e-16,8.668439e-16,8.729109e-16,8.678527e-16,8.564658e-16,8.599918e-16,8.555917e-16,8.625111e-16,8.646492e-16,8.659313e-16,8.548172e-16,8.525576e-16,8.463935e-16,8.404489e-16,8.345028e-16,8.258293e-16,8.212420e-16,8.130033e-16,8.126007e-16,8.037180e-16,8.063251e-16,8.030275e-16,8.045084e-16,7.991973e-16,8.022568e-16,7.999615e-16,7.976461e-16,8.077350e-16,8.173778e-16,8.221726e-16,8.235984e-16,8.288179e-16,8.311155e-16,8.359776e-16,8.429566e-16,8.365106e-16,8.449713e-16,8.374002e-16,8.401163e-16,8.411431e-16,8.403433e-16,8.484338e-16,8.468282e-16,8.510064e-16,8.461851e-16,8.458062e-16,8.525385e-16,8.543682e-16,8.603227e-16,8.611497e-16,8.670467e-16,8.620106e-16,8.592335e-16,8.544450e-16,8.567223e-16,8.571359e-16,8.555383e-16,8.521088e-16,8.487226e-16,8.554448e-16,8.498696e-16,8.516608e-16,8.489925e-16,8.497729e-16,8.521717e-16,8.497399e-16,8.492792e-16,8.498974e-16,8.500958e-16,8.528426e-16,8.477753e-16,8.504420e-16,8.457794e-16,8.409812e-16,8.387261e-16,8.418505e-16,8.405496e-16,8.423318e-16,8.406638e-16,8.397077e-16,8.408953e-16,8.389463e-16,8.432442e-16,8.402192e-16,8.409740e-16,8.408616e-16,8.427962e-16,8.443011e-16,8.422895e-16,8.448583e-16,8.446828e-16,8.434865e-16,8.442786e-16,8.454548e-16,8.445413e-16,8.422637e-16,8.427323e-16,8.448035e-16,8.442924e-16,8.445545e-16,8.431895e-16,8.430771e-16,8.443230e-16,8.425318e-16,8.411138e-16,8.438793e-16,8.439025e-16,8.429878e-16,8.436173e-16,8.431276e-16,8.417545e-16,8.416041e-16,8.400982e-16,8.400159e-16,8.390112e-16,8.394464e-16,8.400545e-16,8.400987e-16
driver-CR1-24p-dec_payld-base-attenuation_db,149.314800,149.692852,149.621557,149.650669,149.335329,149.561800,149.589184,149.651362,149.644655,149.438559,149.231686,149.328336,149.640412,149.479374,149.572723,149.520404,149.628812,149.524821,149.541790,149.557592,149.678302,149.454450,149.429505,149.458688,149.579278,149.448530,149.356444,149.420075,149.473869,149.467222,149.391126,149.429309,149.336146,149.425807,149.389654,149.538671,149.542720,149.527284,149.507401,149.548639,149.551364,149.535735,149.447785,149.390191,149.365409,149.385553,149.549480,149.536560,149.603233,149.614411,149.560176,149.544022,149.528528,149.626021,149.523254,149.610849,149.666505,149.583926,149.635467,149.523732,149.669001,149.703237,149.685767,149.691264,149.688319,149.674750,149.580058,149.632231,149.718874,149.680039,149.689910,149.674042,149.668897,149.671841,149.671240,149.715847,149.705381,149.702659,149.698024,149.711322,149.707347,149.671386,149.655156,149.676507,149.683275,149.717604,149.682720,149.674078,149.666277,149.634544,149.613097,149.619509,149.558425,149.566417,149.547732,149.519573,149.511571,149.507511,149.485704,149.506401,149.489896,149.509271,149.500806,149.485927,149.491806,149.512746,149.512604,149.518300,149.501743,149.506395,149.508970,149.528877,149.533223,149.543501,149.556040,149.564099,149.570938,149.574652,149.585299,149.591862,149.606404,149.604890,149.609679,149.605761,149.613800,149.606391,149.611897,149.616984,149.596159,149.582196,149.577547,149.572375,149.568098,149.563423,149.557017,149.543816,149.551865,149.536899,149.550235,149.554888,149.554795,149.557600,149.546016,149.546541,149.539661,149.547910,149.546154,149.532356,149.523807,149.513867,149.512702,149.503099,149.510425,149.517826,149.518020,149.512396,149.513887,149.515512,149.522302,149.530090,149.520687,149.530832,149.530402,149.533276,149.530788,149.528995,149.534267,149.532483,149.532636,149.533521,149.531836,149.541551,149.534414,149.544330,149.550736,149.553087,149.551756,149.556207,149.556418,149.560196,149.559974,149.555036,149.558126,149.549809,149.552063,149.551399,149.550345,149.548233,149.543579,149.545970,149.541915,149.543516,149.545428,149.543279,149.539365,149.539697,149.546642,149.545542,149.543569,149.543345,149.540677,149.542046,149.541740,149.540572,149.542449,149.545851,149.541985,149.541746,149.544019,149.543193,149.543566,149.544862,149.546287,149.548716,149.549628,149.552022,149.551360,149.549976,149.548646
driver-CR1-24p-dec_payld-base-rx_power_mw,2.899656e-10,2.441820e-10,2.681166e-10,2.629473e-10,3.110369e-10,2.891972e-10,2.957384e-10,2.776014e-10,2.778870e-10,2.849413e-10,3.240291e-10,3.148869e-10,2.792586e-10,2.952425e-10,2.833115e-10,2.852766e-10,2.685089e-10,2.808509e-10,2.852748e-10,2.845906e-10,2.639028e-10,2.977972e-10,2.959741e-10,2.976564e-10,2.616264e-10,2.899335e-10,3.026036e-10,2.948059e-10,2.738643e-10,2.778171e-10,2.933310e-10,2.867167e-10,2.947228e-10,2.847508e-10,2.865875e-10,2.662101e-10,2.663853e-10,2.701841e-10,2.741716e-10,2.669395e-10,2.644449e-10,2.662320e-10,2.816105e-10,2.933868e-10,2.944241e-10,2.892687e-10,2.683330e-10,2.637797e-10,2.571480e-10,2.550714e-10,2.718359e-10,2.763322e-10,2.792616e-10,2.570486e-10,2.772573e-10,2.602169e-10,2.617541e-10,2.659992e-10,2.651397e-10,2.745217e-10,2.473183e-10,2.471698e-10,2.489013e-10,2.487059e-10,2.502022e-10,2.505216e-10,2.640107e-10,2.571366e-10,2.506678e-10,2.566908e-10,2.517702e-10,2.568584e-10,2.574989e-10,2.576611e-10,2.557117e-10,2.464349e-10,2.498540e-10,2.503171e-10,2.484252e-10,2.463431e-10,2.471881e-10,2.541903e-10,2.576983e-10,2.558780e-10,2.553908e-10,2.462547e-10,2.503949e-10,2.514808e-10,2.532818e-10,2.591078e-10,2.619085e-10,2.601579e-10,2.695958e-10,2.691158e-10,2.722923e-10,2.751254e-10,2.766033e-10,2.781778e-10,2.816321e-10,2.789587e-10,2.816580e-10,2.786631e-10,2.805052e-10,2.824684e-10,2.808316e-10,2.771469e-10,2.782879e-10,2.768641e-10,2.791031e-10,2.797950e-10,2.802099e-10,2.766134e-10,2.758822e-10,2.738876e-10,2.719639e-10,2.700398e-10,2.672331e-10,2.657487e-10,2.630827e-10,2.629524e-10,2.600780e-10,2.609217e-10,2.598546e-10,2.603338e-10,2.586152e-10,2.596052e-10,2.588625e-10,2.581132e-10,2.613779e-10,2.644983e-10,2.660498e-10,2.665112e-10,2.682002e-10,2.689437e-10,2.705170e-10,2.727754e-10,2.706895e-10,2.734273e-10,2.709774e-10,2.718563e-10,2.721886e-10,2.719298e-10,2.745478e-10,2.740282e-10,2.753803e-10,2.738201e-10,2.736975e-10,2.758760e-10,2.764681e-10,2.783950e-10,2.786626e-10,2.805708e-10,2.789412e-10,2.780425e-10,2.764930e-10,2.772299e-10,2.773637e-10,2.768468e-10,2.757370e-10,2.746412e-10,2.768165e-10,2.750124e-10,2.755920e-10,2.747286e-10,2.749811e-10,2.757574e-10,2.749704e-10,2.748214e-10,2.750214e-10,2.750856e-10,2.759744e-10,2.743347e-10,2.751976e-10,2.736888e-10,2.721362e-10,2.714064e-10,2.724175e-10,2.719965e-10,2.725732e-10,2.720335e-10,2.717241e-10,2.721084e-10,2.714777e-10,2.728685e-10,2.718896e-10,2.721338e-10,2.720975e-10,2.727235e-10,2.732105e-10,2.725595e-10,2.733908e-10,2.733340e-10,2.729469e-10,2.732032e-10,2.735838e-10,2.732882e-10,2.725512e-10,2.727028e-10,2.733730e-10,2.732077e-10,2.732925e-10,2.728508e-10,2.728144e-10,2.732176e-10,2.726379e-10,2.721791e-10,2.730740e-10,2.730815e-10,2.727855e-10,2.729892e-10,2.728307e-10,2.723864e-10,2.723378e-10,2.718504e-10,2.718238e-10,2.714987e-10,2.716395e-10,2.718363e-10,2.718506e-10
driver-CR1-24p-dec_payld-base-rx_power_dbm,-96.202870,-96.698561,-96.290198,-96.322808,-95.727668,-95.908069,-95.733671,-95.990727,-96.025512,-96.239088,-95.610108,-95.687676,-95.955027,-95.874354,-95.962967,-96.024483,-96.224480,-96.119324,-95.944410,-95.964838,-96.243538,-95.804180,-95.865675,-95.794379,-96.457819,-95.975901,-95.808596,-95.902849,-96.329661,-96.234590,-95.972864,-96.092384,-96.022598,-96.129760,-96.138953,-96.389231,-96.389356,-96.311557,-96.247551,-96.367506,-96.405872,-96.383061,-96.226272,-96.020948,-96.023777,-96.114880,-96.385658,-96.483736,-96.543191,-96.567990,-96.280221,-96.188819,-96.144606,-96.498184,-96.201715,-96.441779,-96.339167,-96.348444,-96.288865,-96.236877,-96.639836,-96.590571,-96.571277,-96.561133,-96.537477,-96.554369,-96.386727,-96.453647,-96.474628,-96.392600,-96.488332,-96.399604,-96.390997,-96.380597,-96.423297,-96.565726,-96.507578,-96.493932,-96.533512,-96.563354,-96.548891,-96.444485,-96.389161,-96.399790,-96.409809,-96.560865,-96.525484,-96.510277,-96.481531,-96.394232,-96.362218,-96.388905,-96.270392,-96.265666,-96.223836,-96.195827,-96.177788,-96.149452,-96.096325,-96.125803,-96.086543,-96.133338,-96.112367,-96.093065,-96.126015,-96.173306,-96.152144,-96.177754,-96.149856,-96.123866,-96.117465,-96.172171,-96.185236,-96.215922,-96.239466,-96.270121,-96.324051,-96.348194,-96.394231,-96.391728,-96.436163,-96.421268,-96.441936,-96.438727,-96.465369,-96.453658,-96.458962,-96.469298,-96.427266,-96.381133,-96.351773,-96.345281,-96.317520,-96.309666,-96.282097,-96.248131,-96.282905,-96.242099,-96.277545,-96.251203,-96.242553,-96.243239,-96.201873,-96.209675,-96.189446,-96.210117,-96.214761,-96.183697,-96.182126,-96.153979,-96.148992,-96.123120,-96.147273,-96.156761,-96.188922,-96.180860,-96.174049,-96.178951,-96.197446,-96.211020,-96.174856,-96.201326,-96.189143,-96.203048,-96.201398,-96.185935,-96.196828,-96.202027,-96.198048,-96.196299,-96.180374,-96.202196,-96.193317,-96.213847,-96.238206,-96.249615,-96.228797,-96.231812,-96.219777,-96.225963,-96.233845,-96.234682,-96.242419,-96.222559,-96.241343,-96.237676,-96.240353,-96.230883,-96.225543,-96.236781,-96.224183,-96.223054,-96.229653,-96.227618,-96.224896,-96.231804,-96.239551,-96.237783,-96.226302,-96.230771,-96.233462,-96.241615,-96.243299,-96.236132,-96.246939,-96.251664,-96.237853,-96.239251,-96.242848,-96.239444,-96.242087,-96.250021,-96.249224,-96.256437,-96.256113,-96.259809,-96.257325,-96.255041,-96.256055
driver-CR1-24p-dec_payld-base-noise_power_mw,9.642389e-12,9.642362e-12,9.642390e-12,9.642365e-12,9.642305e-12,9.642322e-12,9.642433e-12,9.642437e-12,9.642588e-12,9.642394e-12,9.642350e-12,9.642116e-12,9.642423e-12,9.642424e-12,9.642606e-12,9.642337e-12,9.642355e-12,9.642324e-12,9.642411e-12,9.642154e-12,9.642389e-12,9.642592e-12,9.642455e-12,9.642479e-12,9.642285e-12,9.642358e-12,9.642676e-12,9.642483e-12,9.642180e-12,9.642426e-12,9.642545e-12,9.642345e-12,9.642520e-12,9.642788e-12,9.642493e-12,9.642396e-12,9.642445e-12,9.642661e-12,9.642104e-12,9.642344e-12,9.642268e-12,9.642324e-12,9.642328e-12,9.642740e-12,9.642237e-12,9.642260e-12,9.642244e-12,9.642304e-12,9.642516e-12,9.642512e-12,9.642275e-12,9.642416e-12,9.642567e-12,9.642539e-12,9.642627e-12,9.642421e-12,9.642433e-12,9.642049e-12,9.642339e-12,9.642522e-12,9.642440e-12,9.642208e-12,9.642455e-12,9.642177e-12,9.642551e-12,9.642499e-12,9.642273e-12,9.642167e-12,9.642055e-12,9.642434e-12,9.642584e-12,9.642334e-12,9.642278e-12,9.642461e-12,9.642243e-12,9.642398e-12,9.642480e-12,9.642290e-12,9.642258e-12,9.642275e-12,9.642325e-12,9.642451e-12,9.642480e-12,9.642410e-12,9.642728e-12,9.642155e-12,9.642355e-12,9.642691e-12,9.642485e-12,9.642249e-12,9.642539e-12,9.642271e-12,9.642192e-12,9.642505e-12,9.642559e-12,9.642413e-12,9.642482e-12,9.642562e-12,9.641984e-12,9.642496e-12,9.642482e-12,9.642247e-12,9.642478e-12,9.642241e-12,9.642337e-12,9.642259e-12,9.642309e-12,9.642431e-12,9.642377e-12,9.642627e-12,9.642533e-12,9.642363e-12,9.642217e-12,9.642583e-12,9.642253e-12,9.642213e-12,9.642418e-12,9.642501e-12,9.642216e-12,9.642158e-12,9.642173e-12,9.642106e-12,9.642718e-12,9.642329e-12,9.642282e-12,9.642583e-12,9.642344e-12,9.642374e-12,9.642331e-12,9.642475e-12,9.642333e-12,9.642371e-12,9.642440e-12,9.642406e-12,9.642828e-12,9.642625e-12,9.642114e-12,9.642193e-12,9.642465e-12,9.642698e-12,9.642191e-12,9.642287e-12,9.641851e-12,9.642236e-12,9.642204e-12,9.642641e-12,9.641898e-12,9.642061e-12,9.642437e-12,9.642186e-12,9.642364e-12,9.642301e-12,9.642759e-12,9.642462e-12,9.642159e-12,9.643086e-12,9.642258e-12,9.641930e-12,9.642599e-12,9.642177e-12,9.642501e-12,9.642241e-12,9.642101e-12,9.642279e-12,9.642630e-12,9.642359e-12,9.642690e-12,9.642318e-12,9.641861e-12,9.642346e-12,9.641959e-12,9.642303e-12,9.641931e-12,9.642691e-12,9.642602e-12,9.642077e-12,9.642041e-12,9.642617e-12,9.642497e-12,9.642363e-12,9.642389e-12,9.641878e-12,9.642342e-12,9.641913e-12,9.641809e-12,9.642286e-12,9.642742e-12,9.642962e-12,9.642351e-12,9.642431e-12,9.642186e-12,9.642320e-12,9.642406e-12,9.642128e-12,9.642726e-12,9.643039e-12,9.642313e-12,9.642566e-12,9.642157e-12,9.642473e-12,9.642548e-12,9.642073e-12,9.642129e-12,9.641623e-12,9.641784e-12,9.642700e-12,9.641379e-12,9.642241e-12,9.642082e-12,9.643026e-12,9.641939e-12,9.642308e-12,9.642300e-12,9.642556e-12,9.642968e-12,9.643075e-12,9.642549e-12,9.642910e-12,9.642022e-12
driver-CR1-24p-dec_payld-base-total_power_mw,2.996095e-10,2.537967e-10,2.777141e-10,2.725993e-10,3.208043e-10,2.988657e-10,3.053943e-10,2.871958e-10,2.875035e-10,2.945882e-10,3.337068e-10,3.245165e-10,2.888424e-10,3.049476e-10,2.930513e-10,2.948733e-10,2.780523e-10,2.905105e-10,2.949772e-10,2.942397e-10,2.735581e-10,3.101323e-10,3.056109e-10,3.072029e-10,2.712697e-10,2.995680e-10,3.122966e-10,3.067226e-10,2.834634e-10,2.887613e-10,3.029924e-10,2.976319e-10,3.056549e-10,2.947010e-10,2.974413e-10,2.786635e-10,2.776277e-10,2.798965e-10,2.838224e-10,2.805564e-10,2.753559e-10,2.767227e-10,2.957111e-10,3.046332e-10,3.052810e-10,2.989319e-10,2.788706e-10,2.740903e-10,2.672211e-10,2.647429e-10,2.833905e-10,2.873001e-10,2.949289e-10,2.666692e-10,2.908566e-10,2.721998e-10,2.731659e-10,2.760314e-10,2.755443e-10,2.850617e-10,2.607338e-10,2.574137e-10,2.598244e-10,2.586509e-10,2.612511e-10,2.611980e-10,2.757823e-10,2.692659e-10,2.609858e-10,2.667007e-10,2.626885e-10,2.685866e-10,2.683826e-10,2.696135e-10,2.688695e-10,2.573717e-10,2.611249e-10,2.627021e-10,2.595848e-10,2.577378e-10,2.586382e-10,2.655846e-10,2.706438e-10,2.673952e-10,2.706551e-10,2.568788e-10,2.635409e-10,2.637545e-10,2.685571e-10,2.729321e-10,2.750345e-10,2.723285e-10,2.852793e-10,2.832688e-10,2.860987e-10,2.921477e-10,2.913394e-10,2.930938e-10,2.971105e-10,2.936234e-10,2.973469e-10,2.948832e-10,2.960218e-10,2.991361e-10,3.001909e-10,2.941517e-10,3.013108e-10,2.952000e-10,2.962592e-10,3.008943e-10,2.971594e-10,2.974181e-10,2.958550e-10,2.924455e-10,2.895464e-10,2.883267e-10,2.862814e-10,2.858713e-10,2.840769e-10,2.852706e-10,2.813603e-10,2.817936e-10,2.808964e-10,2.810494e-10,2.800751e-10,2.814833e-10,2.876245e-10,2.812371e-10,2.884911e-10,2.860570e-10,2.914021e-10,2.892461e-10,2.969819e-10,2.959411e-10,2.987518e-10,3.002601e-10,2.955530e-10,3.030065e-10,2.971334e-10,3.001349e-10,3.025620e-10,3.022958e-10,3.055604e-10,3.048249e-10,3.043469e-10,3.052113e-10,3.051680e-10,3.124252e-10,3.122343e-10,3.155898e-10,3.119583e-10,3.177812e-10,3.172356e-10,3.193381e-10,3.175518e-10,3.188053e-10,3.198729e-10,3.162042e-10,3.190052e-10,3.216327e-10,3.227487e-10,3.195427e-10,3.231235e-10,3.247595e-10,3.237483e-10,3.297288e-10,3.265780e-10,3.299783e-10,3.319738e-10,3.306390e-10,3.370162e-10,3.344993e-10,3.378700e-10,3.352706e-10,3.382623e-10,3.402958e-10,3.393718e-10,3.411720e-10,3.441694e-10,3.479983e-10,3.464545e-10,3.517719e-10,3.499106e-10,3.520257e-10,3.571755e-10,3.590418e-10,3.611013e-10,3.635776e-10,3.642570e-10,3.693775e-10,3.705144e-10,3.747658e-10,3.778965e-10,3.790045e-10,3.818993e-10,3.828657e-10,3.886677e-10,3.900560e-10,3.967820e-10,3.974473e-10,3.993298e-10,4.004559e-10,4.045427e-10,4.117374e-10,4.153204e-10,4.177417e-10,4.218684e-10,4.272773e-10,4.318129e-10,4.365587e-10,4.406146e-10,4.432728e-10,4.500275e-10,4.553838e-10,4.557429e-10,4.621886e-10,4.691519e-10,4.734985e-10,4.791876e-10
driver-CR1-24p-dec_payld-base-interference_mw,7.566859e-14,8.544408e-14,8.668101e-14,7.113313e-14,1.494221e-13,1.165887e-13,1.214526e-13,8.804502e-14,8.992336e-14,1.266353e-13,1.288709e-13,1.061779e-13,7.699969e-14,1.379415e-13,1.779394e-13,6.958911e-14,5.473837e-14,1.178857e-13,1.290209e-13,1.115081e-13,1.241589e-13,2.801703e-12,1.079494e-13,4.191641e-14,1.110548e-13,1.005852e-13,1.297798e-13,2.389818e-12,1.074927e-13,1.388266e-12,1.155812e-13,1.407780e-12,1.387631e-12,4.109768e-13,1.282837e-12,2.938531e-12,1.691752e-12,1.525454e-13,1.176469e-13,4.100308e-12,1.356882e-12,9.274534e-13,4.541841e-12,1.732588e-12,1.325840e-12,1.259617e-13,9.815923e-13,7.379943e-13,5.522236e-13,1.104392e-13,2.007801e-12,1.418554e-12,6.135654e-12,9.624306e-14,4.056458e-12,2.424055e-12,1.891651e-12,5.131882e-13,8.472556e-13,1.004253e-12,3.866606e-12,7.299703e-13,1.393083e-12,4.044634e-13,1.523224e-12,1.129559e-12,2.223579e-12,2.598873e-12,7.906173e-13,4.760369e-13,1.379229e-12,2.199456e-12,1.356329e-12,2.412571e-12,3.625105e-12,1.399603e-12,1.729542e-12,2.827491e-12,1.618803e-12,1.866650e-12,1.916100e-12,1.859725e-12,3.416825e-12,1.963648e-12,5.727323e-12,1.089370e-12,3.587230e-12,2.732927e-12,5.731911e-12,4.282623e-12,3.584147e-12,2.627374e-12,6.137492e-12,4.600012e-12,4.278703e-12,7.483792e-12,5.199182e-12,5.380477e-12,5.927660e-12,5.119284e-12,6.153183e-12,6.687830e-12,5.963279e-12,7.126133e-12,9.816636e-12,7.463502e-12,1.348259e-11,8.790035e-12,7.615487e-12,1.154382e-11,7.405682e-12,1.124738e-11,1.042233e-11,9.008409e-12,8.029026e-12,8.724371e-12,9.489480e-12,1.057563e-11,1.143473e-11,1.275797e-11,1.173139e-11,1.130694e-11,1.148343e-11,1.115758e-11,1.190405e-11,1.230917e-11,1.920101e-11,1.356885e-11,1.754954e-11,1.199230e-11,1.579743e-11,1.317084e-11,1.921982e-11,1.743991e-11,1.866877e-11,1.792769e-11,1.530612e-11,2.001641e-11,1.659145e-11,1.871290e-11,2.080734e-11,2.079675e-11,2.144276e-11,2.121978e-11,1.939632e-11,2.182273e-11,2.189725e-11,2.697212e-11,2.618791e-11,2.761239e-11,2.371610e-11,2.762431e-11,2.871489e-11,3.171619e-11,3.147961e-11,3.199157e-11,3.293033e-11,2.977454e-11,3.368727e-11,3.740879e-11,3.634595e-11,3.494740e-11,3.794336e-11,4.043608e-11,3.917551e-11,4.438082e-11,4.201371e-11,4.556039e-11,4.735819e-11,4.595744e-11,5.144546e-11,5.056844e-11,5.306839e-11,5.198191e-11,5.652604e-11,5.928352e-11,5.735465e-11,5.957036e-11,6.198790e-11,6.635964e-11,6.512032e-11,7.005454e-11,6.882206e-11,6.954805e-11,7.567100e-11,7.729368e-11,7.938811e-11,8.123843e-11,8.143009e-11,8.719935e-11,8.750332e-11,9.181305e-11,9.533097e-11,9.618018e-11,9.869306e-11,9.995375e-11,1.064942e-10,1.077263e-10,1.137837e-10,1.146138e-10,1.164110e-10,1.179788e-10,1.221010e-10,1.288918e-10,1.330535e-10,1.359331e-10,1.391652e-10,1.445645e-10,1.493968e-10,1.539357e-10,1.581514e-10,1.612543e-10,1.680555e-10,1.738995e-10,1.742847e-10,1.810555e-10,1.878784e-10,1.920267e-10,1.977021e-10
driver-CR1-24p-dec_payld-base-snr_db,13.955283,13.459604,13.867955,13.835357,14.430524,14.250114,14.424462,14.167405,14.132552,13.919064,14.548063,14.470600,14.203111,14.283783,14.195089,14.133694,13.933689,14.038859,14.213734,14.193421,13.914616,14.353882,14.292449,14.363734,13.700381,14.182267,14.349428,14.255262,13.828587,13.923546,14.185220,14.065789,14.135496,14.028214,14.019153,13.768920,13.768772,13.846474,13.910731,13.790667,13.752336,13.775122,13.931909,14.137047,14.134445,14.043332,13.772561,13.674456,13.614906,13.590108,13.877984,13.969323,14.013467,13.659902,13.956331,13.716360,13.818967,13.809863,13.869311,13.921217,13.518295,13.567664,13.586847,13.597116,13.620603,13.603735,13.771479,13.704607,13.683676,13.765533,13.669734,13.758574,13.767206,13.777524,13.734922,13.592424,13.650535,13.664266,13.624701,13.594851,13.609291,13.713641,13.768951,13.758354,13.748192,13.597394,13.632685,13.647740,13.676579,13.763985,13.795868,13.769302,13.887850,13.892436,13.934241,13.962316,13.980324,14.008624,14.062011,14.032302,14.071569,14.024879,14.045747,14.065155,14.032162,13.984906,14.006045,13.980381,14.008303,14.034180,14.040624,13.985995,13.972996,13.942145,13.918748,13.888111,13.834089,13.809909,13.764001,13.766530,13.722088,13.737013,13.716070,13.719454,13.692832,13.704408,13.699212,13.688862,13.730913,13.776981,13.806406,13.812880,13.840610,13.848479,13.875859,13.909916,13.875373,13.916143,13.880574,13.906812,13.915690,13.914961,13.956523,13.948548,13.968791,13.947923,13.943614,13.974605,13.976006,14.004266,14.009172,14.035074,14.010714,14.001360,13.969335,13.976980,13.984164,13.979410,13.960613,13.947229,13.983247,13.956894,13.969141,13.955155,13.956647,13.972232,13.961190,13.956159,13.960344,13.961874,13.977973,13.955996,13.965043,13.944170,13.919852,13.908679,13.929514,13.926239,13.938328,13.932202,13.924309,13.923701,13.915756,13.935809,13.917072,13.920523,13.917642,13.927012,13.932627,13.921354,13.934061,13.935131,13.928493,13.930653,13.933105,13.926057,13.918637,13.920291,13.931956,13.927344,13.924620,13.916681,13.914971,13.922366,13.911487,13.906350,13.920755,13.918970,13.915444,13.918423,13.916269,13.908170,13.908969,13.901642,13.901780,13.898036,13.900756,13.902877,13.902264
driver-CR1-24p-dec_payld-base-sinr_db,13.921643,13.421558,13.829488,13.803736,14.364201,14.198543,14.370846,14.128298,14.092507,13.863029,14.490889,14.423573,14.169303,14.223036,14.119333,14.102741,13.909345,13.986642,14.156583,14.144271,13.859977,13.997919,14.244753,14.345012,13.651294,14.137665,14.291996,13.939756,13.781136,13.678893,14.133980,13.827575,13.891369,13.895460,13.779669,13.301111,13.521040,13.779124,13.858823,13.285762,13.544003,13.591473,13.382041,13.840347,13.930910,13.987505,13.538213,13.478434,13.477126,13.541185,13.481335,13.720403,13.320883,13.617247,13.533160,13.341460,13.637154,13.684188,13.723292,13.703586,13.055465,13.404007,13.303137,13.467656,13.379645,13.396345,13.379911,13.414182,13.497348,13.659843,13.464235,13.371138,13.507974,13.426313,13.423366,13.296630,13.368864,13.206946,13.279088,13.257716,13.240028,13.347991,13.284690,13.343045,13.014551,13.345507,13.090308,13.201537,12.933506,13.147812,13.180115,13.271124,13.149258,13.264915,13.363971,13.055915,13.366284,13.375851,13.291172,13.414063,13.276421,13.333155,13.193192,13.181490,13.055126,13.022520,12.666468,12.867857,13.040597,12.695383,13.155043,12.740633,12.772927,12.827129,12.900773,12.654437,12.592866,12.431540,12.335114,12.238091,12.308401,12.220376,12.342731,12.405427,12.281784,12.052464,11.834359,12.028934,11.842390,12.144571,12.017916,12.172518,11.787670,11.909207,11.771471,11.825947,11.941855,11.556780,11.923420,11.693785,11.656972,11.458106,11.576100,11.507652,11.620683,11.492157,11.333990,10.990749,11.066611,10.920513,11.205946,10.906033,10.875343,10.600604,10.616395,10.580897,10.431967,10.612666,10.328043,10.088787,10.113915,10.158688,9.893204,9.735172,9.821297,9.574797,9.554060,9.355628,9.183472,9.277706,9.002578,8.989175,8.753487,8.812279,8.535417,8.354635,8.394604,8.268864,8.040633,7.898790,7.837268,7.673135,7.653407,7.539869,7.216836,7.162707,6.967082,6.900695,6.880220,6.661026,6.454214,6.388293,6.153427,6.130076,5.950893,5.940059,5.610741,5.537903,5.293247,5.152246,5.115195,5.042799,4.823273,4.609827,4.475138,4.313289,4.189394,4.048722,3.834002,3.691389,3.546128,3.437142,3.189985,3.071965,3.028909,2.839157,2.656406,2.523112,2.407141
driver-CR1-24p-dec_payld-rlydd-tx_power_mw,1000.000000,1000.000000,1000.000000,1000.000000,1000.000000,1000.000000,1000.000000,1000.000000,1000.000000,1000.000000,1000.000000,1000.000000,1000.000000,1000.000000,1000.000000,1000.000000,1000.000000,1000.000000,1000.000000,1000.000000,1000.000000,1000.000000,1000.000000,1000.000000,1000.000000,1000.000000,1000.000000,1000.000000,1000.000000,1000.000000,1000.000000,1000.000000,1000.000000,1000.000000,1000.000000,1000.000000,1000.000000,1000.000000,1000.000000,1000.000000,1000.000000,1000.000000,1000.000000,1000.000000,1000.000000,1000.000000,1000.000000,1000.000000,1000.000000,1000.000000,1000.000000,1000.000000,1000.000000,1000.000000,1000.000000,1000.000000,1000.000000,1000.000000,1000.000000,1000.000000,1000.000000,1000.000000,1000.000000,1000.000000,1000.000000,1000.000000,1000.000000,1000.000000,1000.000000,1000.000000,1000.000000,1000.000000,1000.000000,1000.000000,1000.000000,1000.000000,1000.000000,1000.000000,1000.000000,1000.000000,1000.000000,1000.000000,1000.000000,1000.000000,1000.000000,1000.000000,1000.000000,1000.000000,1000.000000,1000.000000,1000.000000,1000.000000,1000.000000,1000.000000,1000.000000,1000.000000,1000.000000,1000.000000,1000.000000,1000.000000,1000.000000,1000.000000,1000.000000,1000.000000,1000.000000,1000.000000,1000.000000,1000.000000,1000.000000,1000.000000,1000.000000,1000.000000,1000.000000,1000.000000,1000.000000,1000.000000,1000.000000,1000.000000,1000.000000,1000.000000,1000.000000,1000.000000,1000.000000,1000.000000,1000.000000,1000.000000,1000.000000,1000.000000,1000.000000,1000.000000,1000.000000,1000.000000,1000.000000,1000.000000,1000.000000,1000.000000,1000.000000,1000.000000,1000.000000,1000.000000,1000.000000,1000.000000,1000.000000,1000.000000,1000.000000,1000.000000,1000.000000,1000.000000,1000.000000,1000.000000,1000.000000,1000.000000,1000.000000,1000.000000,1000.000000,1000.000000,1000.000000,1000.000000,1000.000000,1000.000000,1000.000000,1000.000000,1000.000000,1000.000000,1000.000000,1000.000000,1000.000000,1000.000000,1000.000000,1000.000000,1000.000000,1000.000000,1000.000000,1000.000000,1000.000000,1000.000000,1000.000000,1000.000000,1000.000000,1000.000000,1000.000000,1000.000000,1000.000000,1000.000000,1000.000000,1000.000000,1000.000000,1000.000000,1000.000000,1000.000000,1000.000000,1000.000000,1000.000000,1000.000000,1000.000000,1000.000000,1000.000000,1000.000000,1000.000000,1000.000000,1000.000000,1000.000000,1000.000000,1000.000000,1000.000000,1000.000000,1000.000000,1000.000000,1000.000000,1000.000000,1000.000000,1000.000000,1000.000000,1000.000000,1000.000000,1000.000000,1000.000000,1000.000000,1000.000000
driver-CR1-24p-dec_payld-rlydd-attenuation_linear,7.506849e-16,7.850663e-16,8.483797e-16,9.169971e-16,8.900966e-16,9.298399e-16,8.803889e-16,8.437301e-16,8.814273e-16,1.030202e-15,9.713163e-16,8.822784e-16,9.383053e-16,8.932887e-16,8.912087e-16,8.144692e-16,8.841264e-16,8.924080e-16,8.765545e-16,8.188450e-16,8.889367e-16,8.937214e-16,9.046451e-16,8.196761e-16,8.663648e-16,9.149166e-16,9.261851e-16,8.557849e-16,8.725699e-16,9.188397e-16,8.978939e-16,8.932506e-16,8.827446e-16,8.992687e-16,8.181531e-16,8.257078e-16,8.398527e-16,8.541798e-16,8.325562e-16,8.314030e-16,8.276201e-16,8.711051e-16,9.028726e-16,8.978572e-16,9.116920e-16,8.368451e-16,8.202269e-16,7.961582e-16,7.955674e-16,8.410589e-16,8.399691e-16,8.508607e-16,8.028388e-16,8.591568e-16,8.050207e-16,8.133599e-16,8.293271e-16,8.237000e-16,8.626880e-16,7.714720e-16,7.693647e-16,7.736579e-16,7.638691e-16,7.687954e-16,7.857388e-16,8.164275e-16,7.980089e-16,7.765492e-16,7.836818e-16,7.850506e-16,7.899237e-16,7.944640e-16,7.885297e-16,7.965532e-16,7.613558e-16,7.652042e-16,7.720453e-16,7.712156e-16,7.593415e-16,7.588138e-16,7.868443e-16,7.956682e-16,7.881434e-16,7.927629e-16,7.710442e-16,7.696709e-16,7.684367e-16,7.836192e-16,7.989452e-16,8.071298e-16,8.001278e-16,8.198914e-16,8.307866e-16,8.391965e-16,8.399931e-16,8.485186e-16,8.542730e-16,8.732647e-16,8.684298e-16,8.669901e-16,8.649486e-16,8.652379e-16,8.759257e-16,8.714733e-16,8.611360e-16,8.540668e-16,8.600224e-16,8.646975e-16,8.686461e-16,8.640380e-16,8.599345e-16,8.532036e-16,8.491288e-16,8.351694e-16,8.383573e-16,8.270252e-16,8.235398e-16,8.170808e-16,8.096119e-16,8.042190e-16,7.997306e-16,8.012452e-16,8.055003e-16,7.992042e-16,8.058232e-16,7.975387e-16,8.043777e-16,8.083174e-16,8.118923e-16,8.206217e-16,8.238137e-16,8.271661e-16,8.315624e-16,8.332813e-16,8.409167e-16,8.381552e-16,8.455729e-16,8.393067e-16,8.411906e-16,8.404895e-16,8.430569e-16,8.471552e-16,8.463971e-16,8.501834e-16,8.476636e-16,8.453518e-16,8.466320e-16,8.550238e-16,8.595797e-16,8.617543e-16,8.653850e-16,8.640419e-16,8.597802e-16,8.602292e-16,8.573907e-16,8.559685e-16,8.558385e-16,8.526927e-16,8.506432e-16,8.531862e-16,8.533782e-16,8.510564e-16,8.520984e-16,8.480234e-16,8.503465e-16,8.500606e-16,8.513070e-16,8.513370e-16,8.504721e-16,8.523353e-16,8.476070e-16,8.506271e-16,8.476210e-16,8.436163e-16,8.386403e-16,8.405952e-16,8.418833e-16,8.403735e-16,8.416539e-16,8.389154e-16,8.399741e-16,8.390356e-16,8.422019e-16,8.396479e-16,8.401995e-16,8.397839e-16,8.422496e-16,8.438284e-16,8.433559e-16,8.452022e-16,8.444386e-16,8.428894e-16,8.441600e-16,8.452765e-16,8.441055e-16,8.420312e-16,8.431071e-16,8.439413e-16,8.465367e-16,8.449533e-16,8.441397e-16,8.434774e-16,8.433728e-16,8.432321e-16,8.418450e-16,8.428808e-16,8.430736e-16,8.449069e-16,8.429083e-16,8.425252e-16,8.413944e-16,8.415057e-16,8.414287e-16,8.388829e-16,8.395469e-16,8.394439e-16,8.395564e-16,8.393370e-16,8.408730e-16
driver-CR1-24p-dec_payld-rlydd-attenuation_db,149.662137,149.692854,149.621558,149.427531,149.530500,149.561796,149.629572,149.651364,149.407368,149.191248,149.296621,149.623288,149.455710,149.554146,149.500421,149.647415,149.506545,149.524820,149.541792,149.667209,149.526151,149.473701,149.488045,149.566529,149.514492,149.399650,149.403966,149.459650,149.439181,149.375904,149.415390,149.371936,149.412454,149.361910,149.531464,149.538674,149.517636,149.487697,149.539959,149.534434,149.527294,149.428063,149.407952,149.390191,149.365408,149.535178,149.522300,149.594113,149.603234,149.550907,149.566258,149.548039,149.616431,149.516512,149.613976,149.658658,149.569578,149.627366,149.508202,149.658549,149.694152,149.676434,149.698189,149.693706,149.662923,149.569007,149.622801,149.710711,149.704327,149.682642,149.676294,149.669685,149.679959,149.659744,149.723641,149.710725,149.700904,149.693863,149.716865,149.711323,149.674403,149.661035,149.677289,149.675727,149.709047,149.692541,149.691569,149.667457,149.636850,149.613954,149.630145,149.586314,149.565377,149.553775,149.539359,149.520734,149.513774,149.474171,149.498829,149.495912,149.499640,149.499200,149.481709,149.488529,149.504581,149.521917,149.511217,149.500148,149.498831,149.508415,149.516520,149.529566,149.540190,149.568103,149.561510,149.574121,149.574610,149.583598,149.591858,149.603558,149.616568,149.610518,149.604629,149.613445,149.600630,149.615195,149.607136,149.596676,149.593002,149.579287,149.570445,149.571209,149.562334,149.562243,149.547384,149.548821,149.538108,149.545364,149.549225,149.556001,149.553844,149.547357,149.548103,149.540393,149.543410,149.548870,149.543885,149.524948,149.517142,149.508497,149.505517,149.507883,149.514641,149.511015,149.512879,149.514612,149.515183,149.519983,149.526499,149.523597,149.523210,149.530371,149.525636,149.534731,149.532539,149.533462,149.529815,149.530449,149.530817,149.533383,149.542849,149.535557,149.541936,149.546650,149.554005,149.551516,149.552933,149.558347,149.560769,149.561837,149.559670,149.557527,149.550972,149.553764,149.551435,149.552652,149.548768,149.545195,149.544390,149.541400,149.543826,149.546506,149.542482,149.539246,149.541005,149.545154,149.544579,149.543917,149.539996,149.539835,149.540564,149.540524,149.540706,149.542387,149.545833,149.543108,149.542935,149.540920,149.545721,149.544984,149.545596,149.545110,149.546160,149.551635,149.550094,149.552079,149.551667,149.550475,149.545954
driver-CR1-24p-dec_payld-rlydd-rx_power_mw,2.429169e-10,2.540425e-10,2.745303e-10,2.967344e-10,2.880296e-10,3.008903e-10,2.848883e-10,2.730257e-10,2.852243e-10,3.333668e-10,3.143118e-10,2.854997e-10,3.036296e-10,2.890626e-10,2.883895e-10,2.635571e-10,2.860977e-10,2.887776e-10,2.836475e-10,2.649731e-10,2.876543e-10,2.892026e-10,2.927374e-10,2.652420e-10,2.803501e-10,2.960612e-10,2.997076e-10,2.769266e-10,2.823581e-10,2.973307e-10,2.905528e-10,2.890502e-10,2.856505e-10,2.909977e-10,2.647492e-10,2.671938e-10,2.717710e-10,2.764072e-10,2.694099e-10,2.690367e-10,2.678126e-10,2.818841e-10,2.921638e-10,2.905409e-10,2.950178e-10,2.707978e-10,2.654202e-10,2.576317e-10,2.574406e-10,2.721613e-10,2.718087e-10,2.753331e-10,2.597936e-10,2.780177e-10,2.604996e-10,2.631981e-10,2.683650e-10,2.665441e-10,2.791604e-10,2.496435e-10,2.489615e-10,2.503508e-10,2.471832e-10,2.487773e-10,2.542601e-10,2.641908e-10,2.582306e-10,2.512864e-10,2.535944e-10,2.540374e-10,2.556143e-10,2.570835e-10,2.551632e-10,2.577596e-10,2.463699e-10,2.476152e-10,2.498290e-10,2.495605e-10,2.457181e-10,2.455473e-10,2.546178e-10,2.574732e-10,2.550382e-10,2.565331e-10,2.495050e-10,2.490606e-10,2.486612e-10,2.535742e-10,2.585336e-10,2.611821e-10,2.589163e-10,2.653117e-10,2.688373e-10,2.715587e-10,2.718165e-10,2.745753e-10,2.764373e-10,2.825829e-10,2.810184e-10,2.805525e-10,2.798919e-10,2.799855e-10,2.834440e-10,2.820032e-10,2.786582e-10,2.763706e-10,2.782978e-10,2.798106e-10,2.810884e-10,2.795972e-10,2.782693e-10,2.760913e-10,2.747727e-10,2.702555e-10,2.712871e-10,2.676201e-10,2.664923e-10,2.644022e-10,2.619853e-10,2.602402e-10,2.587878e-10,2.592779e-10,2.606548e-10,2.586174e-10,2.607593e-10,2.580785e-10,2.602915e-10,2.615664e-10,2.627232e-10,2.655480e-10,2.665809e-10,2.676657e-10,2.690883e-10,2.696445e-10,2.721153e-10,2.712217e-10,2.736220e-10,2.715943e-10,2.722040e-10,2.719771e-10,2.728079e-10,2.741340e-10,2.738887e-10,2.751139e-10,2.742986e-10,2.735505e-10,2.739647e-10,2.766803e-10,2.781546e-10,2.788582e-10,2.800331e-10,2.795985e-10,2.782194e-10,2.783647e-10,2.774462e-10,2.769860e-10,2.769439e-10,2.759259e-10,2.752627e-10,2.760856e-10,2.761478e-10,2.753965e-10,2.757337e-10,2.744150e-10,2.751667e-10,2.750742e-10,2.754775e-10,2.754872e-10,2.752074e-10,2.758103e-10,2.742803e-10,2.752575e-10,2.742848e-10,2.729889e-10,2.713787e-10,2.720113e-10,2.724281e-10,2.719395e-10,2.723539e-10,2.714677e-10,2.718103e-10,2.715066e-10,2.725312e-10,2.717047e-10,2.718832e-10,2.717487e-10,2.725466e-10,2.730575e-10,2.729046e-10,2.735021e-10,2.732550e-10,2.727537e-10,2.731648e-10,2.735261e-10,2.731472e-10,2.724759e-10,2.728241e-10,2.730941e-10,2.739339e-10,2.734215e-10,2.731583e-10,2.729439e-10,2.729101e-10,2.728646e-10,2.724157e-10,2.727509e-10,2.728133e-10,2.734065e-10,2.727598e-10,2.726358e-10,2.722699e-10,2.723059e-10,2.722810e-10,2.714572e-10,2.716721e-10,2.716387e-10,2.716751e-10,2.716041e-10,2.721012e-10
driver-CR1-24p-dec_payld-rlydd-rx_power_dbm,-96.778067,-96.522280,-96.094086,-95.934665,-95.962269,-95.675497,-95.869432,-96.119331,-96.278438,-95.466521,-95.728928,-95.843760,-95.706938,-95.865304,-95.993582,-96.310909,-96.031480,-95.898037,-95.996710,-96.240592,-95.924204,-95.959425,-95.868601,-96.396916,-96.089726,-95.896149,-95.809358,-96.286041,-96.177311,-95.903429,-96.024407,-96.100923,-96.130695,-96.083380,-96.424428,-96.370469,-96.294296,-96.223173,-96.324839,-96.325728,-96.363402,-96.247622,-96.020590,-96.077865,-96.006030,-96.346028,-96.466168,-96.542664,-96.535976,-96.286356,-96.258858,-96.202912,-96.449578,-96.193057,-96.434877,-96.312515,-96.321061,-96.273228,-96.151565,-96.607304,-96.562892,-96.556898,-96.588758,-96.558623,-96.490221,-96.396524,-96.443398,-96.470071,-96.430903,-96.448813,-96.421941,-96.400159,-96.426800,-96.391356,-96.557645,-96.546424,-96.510099,-96.517718,-96.570833,-96.583303,-96.433982,-96.385645,-96.417823,-96.392644,-96.497309,-96.535887,-96.550374,-96.476972,-96.406391,-96.377834,-96.399916,-96.322221,-96.272678,-96.234413,-96.239803,-96.208126,-96.176913,-96.092239,-96.090565,-96.101578,-96.117418,-96.123725,-96.077623,-96.104890,-96.151565,-96.181740,-96.154963,-96.136111,-96.104973,-96.127291,-96.154400,-96.186302,-96.199649,-96.260265,-96.246072,-96.309903,-96.332120,-96.367626,-96.413663,-96.438412,-96.451882,-96.452416,-96.431882,-96.467215,-96.434639,-96.471204,-96.434317,-96.422978,-96.404946,-96.362676,-96.347309,-96.324569,-96.306345,-96.294976,-96.257904,-96.275582,-96.237793,-96.271307,-96.252833,-96.246064,-96.230470,-96.210025,-96.211635,-96.195561,-96.205073,-96.215456,-96.208747,-96.176203,-96.154859,-96.150145,-96.128720,-96.136450,-96.156101,-96.158062,-96.174854,-96.182744,-96.177695,-96.194981,-96.202456,-96.186811,-96.187386,-96.193083,-96.191042,-96.208697,-96.195043,-96.196035,-96.192540,-96.191362,-96.195970,-96.182894,-96.201841,-96.190943,-96.203810,-96.225138,-96.249799,-96.238258,-96.227460,-96.230367,-96.217717,-96.236867,-96.233688,-96.242366,-96.229503,-96.243019,-96.243386,-96.244231,-96.233863,-96.226616,-96.232396,-96.222409,-96.224607,-96.232168,-96.229511,-96.226058,-96.232136,-96.243065,-96.236256,-96.232054,-96.219132,-96.231594,-96.237265,-96.241884,-96.242893,-96.241522,-96.246605,-96.243267,-96.243494,-96.233089,-96.240718,-96.245205,-96.251729,-96.252016,-96.249984,-96.261443,-96.259037,-96.256959,-96.256399,-96.258638,-96.254546
driver-CR1-24p-dec_payld-rlydd-noise_power_mw,9.642266e-12,9.642465e-12,9.642317e-12,9.642586e-12,9.642351e-12,9.642580e-12,9.642188e-12,9.642195e-12,9.642399e-12,9.642427e-12,9.642268e-12,9.642252e-12,9.642309e-12,9.642655e-12,9.642309e-12,9.642655e-12,9.642540e-12,9.642086e-12,9.642346e-12,9.642148e-12,9.642580e-12,9.642266e-12,9.642363e-12,9.642097e-12,9.642419e-12,9.642587e-12,9.642166e-12,9.642369e-12,9.642368e-12,9.642452e-12,9.642420e-12,9.642049e-12,9.642686e-12,9.642355e-12,9.642523e-12,9.642299e-12,9.642316e-12,9.642408e-12,9.642143e-12,9.642112e-12,9.642351e-12,9.642048e-12,9.642351e-12,9.642173e-12,9.642425e-12,9.642572e-12,9.642422e-12,9.642309e-12,9.642525e-12,9.642488e-12,9.642096e-12,9.642344e-12,9.642574e-12,9.642484e-12,9.642052e-12,9.642193e-12,9.642169e-12,9.642484e-12,9.642395e-12,9.642252e-12,9.642636e-12,9.642821e-12,9.642218e-12,9.642397e-12,9.642447e-12,9.642381e-12,9.642076e-12,9.642388e-12,9.642461e-12,9.642002e-12,9.642498e-12,9.642596e-12,9.642575e-12,9.642533e-12,9.642261e-12,9.642290e-12,9.642141e-12,9.642803e-12,9.642413e-12,9.642473e-12,9.642455e-12,9.642348e-12,9.642396e-12,9.642354e-12,9.642342e-12,9.642357e-12,9.642138e-12,9.642144e-12,9.642559e-12,9.642111e-12,9.642252e-12,9.642731e-12,9.642143e-12,9.642344e-12,9.642496e-12,9.642449e-12,9.642303e-12,9.642428e-12,9.642062e-12,9.642266e-12,9.642537e-12,9.642505e-12,9.642508e-12,9.642313e-12,9.642112e-12,9.642425e-12,9.642441e-12,9.642608e-12,9.642411e-12,9.642463e-12,9.642344e-12,9.642347e-12,9.642448e-12,9.642267e-12,9.642697e-12,9.642158e-12,9.642243e-12,9.642249e-12,9.642299e-12,9.642236e-12,9.642581e-12,9.642327e-12,9.641965e-12,9.642208e-12,9.642228e-12,9.642221e-12,9.642266e-12,9.642320e-12,9.642786e-12,9.642597e-12,9.642394e-12,9.642107e-12,9.642317e-12,9.642454e-12,9.642660e-12,9.642430e-12,9.642852e-12,9.642908e-12,9.642166e-12,9.642173e-12,9.641792e-12,9.642695e-12,9.641972e-12,9.642196e-12,9.642507e-12,9.642405e-12,9.642230e-12,9.642070e-12,9.642544e-12,9.642147e-12,9.642424e-12,9.642518e-12,9.642661e-12,9.642693e-12,9.642289e-12,9.642187e-12,9.641991e-12,9.642317e-12,9.642358e-12,9.642362e-12,9.642425e-12,9.642072e-12,9.642502e-12,9.642344e-12,9.642098e-12,9.642199e-12,9.642770e-12,9.642755e-12,9.642140e-12,9.642499e-12,9.642663e-12,9.642216e-12,9.642051e-12,9.642516e-12,9.641966e-12,9.642439e-12,9.642165e-12,9.642332e-12,9.642445e-12,9.641994e-12,9.642760e-12,9.642897e-12,9.642445e-12,9.642577e-12,9.642622e-12,9.642496e-12,9.642135e-12,9.642642e-12,9.641924e-12,9.643034e-12,9.641618e-12,9.642441e-12,9.642400e-12,9.642544e-12,9.642796e-12,9.642361e-12,9.642841e-12,9.642193e-12,9.642640e-12,9.642885e-12,9.642241e-12,9.642535e-12,9.642576e-12,9.641869e-12,9.642821e-12,9.642486e-12,9.641618e-12,9.641881e-12,9.642180e-12,9.642507e-12,9.643200e-12,9.641849e-12,9.642318e-12,9.642771e-12,9.642297e-12,9.642342e-12,9.642037e-12,9.642264e-12,9.642566e-12
driver-CR1-24p-dec_payld-rlydd-total_power_mw,2.525486e-10,2.636339e-10,2.841212e-10,3.064411e-10,2.976807e-10,3.106602e-10,2.944939e-10,2.827001e-10,2.948634e-10,3.431037e-10,3.237939e-10,2.951636e-10,3.133080e-10,2.986745e-10,2.981115e-10,2.731937e-10,2.956676e-10,2.984191e-10,2.932785e-10,2.746865e-10,3.001236e-10,2.988068e-10,3.024801e-10,2.748450e-10,2.899521e-10,3.057443e-10,3.117386e-10,2.865295e-10,2.933745e-10,3.069339e-10,3.014381e-10,2.999724e-10,2.955861e-10,3.017676e-10,2.773893e-10,2.785161e-10,2.813795e-10,2.860675e-10,2.831053e-10,2.799433e-10,2.773813e-10,2.961191e-10,3.035524e-10,3.002068e-10,3.046632e-10,2.813258e-10,2.757013e-10,2.676958e-10,2.671402e-10,2.837926e-10,2.828313e-10,2.911934e-10,2.693980e-10,2.916985e-10,2.725500e-10,2.746807e-10,2.784096e-10,2.769728e-10,2.897102e-10,2.631977e-10,2.593039e-10,2.613161e-10,2.571408e-10,2.591043e-10,2.649422e-10,2.760017e-10,2.704337e-10,2.616719e-10,2.632746e-10,2.648569e-10,2.674394e-10,2.679861e-10,2.671663e-10,2.710369e-10,2.573448e-10,2.587623e-10,2.620809e-10,2.606762e-10,2.568892e-10,2.565854e-10,2.660030e-10,2.705873e-10,2.665806e-10,2.717878e-10,2.601769e-10,2.622350e-10,2.605657e-10,2.687586e-10,2.724519e-10,2.744242e-10,2.711642e-10,2.810801e-10,2.828779e-10,2.850706e-10,2.889560e-10,2.890033e-10,2.899015e-10,2.981405e-10,2.956811e-10,2.958758e-10,2.963492e-10,2.951100e-10,2.996932e-10,3.016014e-10,2.953392e-10,2.991743e-10,2.960647e-10,2.956726e-10,3.010560e-10,2.957101e-10,2.980002e-10,2.958910e-10,2.927308e-10,2.874133e-10,2.895559e-10,2.864865e-10,2.868476e-10,2.842813e-10,2.842446e-10,2.817252e-10,2.797430e-10,2.799919e-10,2.813070e-10,2.794704e-10,2.825239e-10,2.870334e-10,2.832579e-10,2.875753e-10,2.836808e-10,2.899520e-10,2.888272e-10,2.962928e-10,2.959436e-10,2.969490e-10,2.991420e-10,2.955894e-10,3.028335e-10,2.967772e-10,3.002702e-10,3.021205e-10,3.029894e-10,3.042777e-10,3.035651e-10,3.036465e-10,3.046891e-10,3.049080e-10,3.097580e-10,3.116211e-10,3.149710e-10,3.113138e-10,3.162512e-10,3.167550e-10,3.184702e-10,3.186797e-10,3.182880e-10,3.177429e-10,3.153573e-10,3.179720e-10,3.207470e-10,3.210836e-10,3.198116e-10,3.218451e-10,3.248068e-10,3.216796e-10,3.276807e-10,3.258946e-10,3.294575e-10,3.312659e-10,3.297522e-10,3.352199e-10,3.326441e-10,3.364352e-10,3.348505e-10,3.378728e-10,3.383239e-10,3.369374e-10,3.395279e-10,3.416571e-10,3.460907e-10,3.449409e-10,3.490223e-10,3.482488e-10,3.485837e-10,3.540333e-10,3.561384e-10,3.581088e-10,3.602567e-10,3.617522e-10,3.669074e-10,3.683316e-10,3.716744e-10,3.751604e-10,3.760844e-10,3.793470e-10,3.806655e-10,3.858822e-10,3.872131e-10,3.929912e-10,3.953742e-10,3.969275e-10,3.979525e-10,4.009205e-10,4.073138e-10,4.112454e-10,4.138017e-10,4.174798e-10,4.231170e-10,4.281060e-10,4.315648e-10,4.360186e-10,4.389555e-10,4.451738e-10,4.512540e-10,4.503584e-10,4.574710e-10,4.634855e-10,4.669837e-10,4.727236e-10,4.806904e-10
driver-CR1-24p-dec_payld-rlydd-interference_mw,9.297345e-14,9.337351e-14,6.461196e-14,1.277748e-13,1.014359e-13,1.624322e-13,8.647838e-14,1.174232e-13,7.241289e-14,1.498399e-13,3.941922e-14,1.018232e-13,1.213833e-13,1.188150e-13,1.379830e-13,1.228131e-13,9.093159e-14,1.039413e-13,9.850727e-14,1.755304e-13,2.940893e-12,9.700786e-14,1.648106e-13,7.145595e-14,7.287274e-14,1.448186e-13,2.483300e-12,7.807585e-14,1.476491e-12,8.144615e-14,1.391604e-12,1.386176e-12,3.907544e-13,1.270409e-12,3.095175e-12,1.751110e-12,8.828181e-14,1.033277e-13,4.168550e-12,1.382684e-12,6.986866e-14,4.683471e-12,1.846200e-12,1.048943e-13,1.006460e-13,9.954700e-13,7.734687e-13,5.537714e-13,1.414783e-13,2.075649e-12,1.452099e-12,6.316382e-12,8.370703e-14,4.162479e-12,2.508269e-12,1.953011e-12,5.191898e-13,8.786810e-13,1.021329e-12,4.005564e-12,7.884960e-13,1.414596e-12,4.086998e-13,8.092334e-13,1.143334e-12,2.255938e-12,2.667892e-12,8.403933e-13,1.148105e-13,1.287589e-12,2.285307e-12,1.372456e-12,2.473854e-12,3.744895e-12,1.426989e-12,1.607169e-12,2.719487e-12,1.577558e-12,1.624730e-12,1.506653e-12,1.838655e-12,3.576000e-12,1.995149e-12,5.709804e-12,1.140851e-12,3.642357e-12,2.355024e-12,5.619050e-12,4.372398e-12,3.699463e-12,2.706463e-12,6.230667e-12,4.492648e-12,3.977281e-12,7.593909e-12,4.886191e-12,3.909972e-12,6.015673e-12,5.118654e-12,5.780155e-12,6.905287e-12,5.595180e-12,6.685825e-12,1.004984e-11,7.138359e-12,1.325651e-11,8.213887e-12,6.318475e-12,1.040766e-11,6.567668e-12,1.017471e-11,1.024481e-11,8.400774e-12,7.607220e-12,8.715830e-12,9.315898e-12,1.080287e-11,1.032526e-11,1.270487e-11,1.193704e-11,1.138969e-11,1.115903e-11,1.109841e-11,1.130239e-11,1.220852e-11,1.940039e-11,1.340276e-11,1.644804e-11,1.140505e-11,1.483818e-11,1.268897e-11,1.905968e-11,1.729878e-11,1.773814e-11,1.746850e-11,1.481097e-11,1.964205e-11,1.562439e-11,1.849209e-11,2.057988e-11,2.061219e-11,2.056908e-11,2.010857e-11,1.896452e-11,2.082184e-11,2.178283e-11,2.622150e-11,2.536337e-11,2.723794e-11,2.288203e-11,2.664095e-11,2.757539e-11,3.067053e-11,3.073209e-11,3.126281e-11,3.117531e-11,2.882798e-11,3.246083e-11,3.589840e-11,3.540864e-11,3.408108e-11,3.685837e-11,3.948435e-11,3.767677e-11,4.292135e-11,4.122693e-11,4.438723e-11,4.618468e-11,4.494880e-11,4.981556e-11,4.876721e-11,5.157790e-11,5.096494e-11,5.528419e-11,5.734212e-11,5.532271e-11,5.749741e-11,6.011136e-11,6.413075e-11,6.386381e-11,6.760374e-11,6.713287e-11,6.643977e-11,7.271643e-11,7.464097e-11,7.674407e-11,7.809689e-11,7.907755e-11,8.438512e-11,8.521000e-11,8.880010e-11,9.278823e-11,9.329964e-11,9.620002e-11,9.789698e-11,1.037837e-10,1.047650e-10,1.102722e-10,1.118146e-10,1.138802e-10,1.151666e-10,1.183470e-10,1.247758e-10,1.287542e-10,1.317563e-10,1.350993e-10,1.406747e-10,1.450692e-10,1.491732e-10,1.537511e-10,1.570528e-10,1.632339e-10,1.693407e-10,1.692683e-10,1.761642e-10,1.822117e-10,1.856740e-10,1.914851e-10,1.989541e-10
driver-CR1-24p-dec_payld-rlydd-snr_db,13.380141,13.635839,14.064100,14.223400,14.195901,14.482570,14.288812,14.038910,13.879712,14.691616,14.429281,14.314456,14.451251,14.292729,14.164608,13.847124,14.126605,14.260253,14.161463,13.917670,14.233863,14.198784,14.289565,13.761369,14.068414,14.261916,14.348895,13.872121,13.980852,14.254696,14.133733,14.057384,14.027325,14.074789,13.733666,13.787725,13.863890,13.934972,13.833425,13.832550,13.794768,13.910684,14.137581,14.080385,14.152108,13.812043,13.691970,13.615526,13.622116,13.871752,13.899428,13.955261,13.708492,13.965053,13.723429,13.845727,13.837192,13.884883,14.006586,13.550911,13.595150,13.601061,13.569472,13.599526,13.667906,13.761633,13.714897,13.688083,13.727219,13.709514,13.736164,13.757902,13.731270,13.766733,13.600566,13.611774,13.648166,13.640249,13.587310,13.574812,13.724142,13.772527,13.740327,13.765525,13.660866,13.622281,13.607893,13.681292,13.751686,13.780444,13.758299,13.835779,13.885586,13.923761,13.918303,13.950000,13.981279,14.065897,14.067736,14.056631,14.040669,14.034376,14.080477,14.053297,14.006713,13.976397,14.003167,14.021944,14.053170,14.030829,14.003774,13.971870,13.958478,13.897943,13.911943,13.848355,13.826099,13.790591,13.744531,13.719810,13.706185,13.705765,13.726463,13.691020,13.723587,13.687025,13.723892,13.735206,13.753029,13.795384,13.810842,13.833712,13.851840,13.863149,13.900128,13.882553,13.920152,13.886613,13.905421,13.912187,13.927952,13.947990,13.946707,13.962679,13.953027,13.942690,13.949478,13.982094,14.003224,14.008117,14.029418,14.021645,14.001930,13.999955,13.983344,13.975501,13.980638,13.963206,13.955712,13.971354,13.970752,13.965213,13.967061,13.949476,13.963241,13.962204,13.965442,13.966626,13.962295,13.975210,13.956189,13.967289,13.954496,13.932959,13.908545,13.919873,13.930795,13.927812,13.940411,13.921465,13.924299,13.915559,13.928625,13.915050,13.914663,13.913875,13.924405,13.931424,13.925967,13.935454,13.933893,13.925962,13.928637,13.932025,13.925834,13.915101,13.921694,13.926188,13.938909,13.926336,13.920955,13.916203,13.915176,13.916865,13.911354,13.914843,13.915007,13.925293,13.917530,13.912895,13.906060,13.906381,13.908201,13.896539,13.899157,13.901216,13.901913,13.899572,13.903528
driver-CR1-24p-dec_payld-rlydd-sinr_db,13.338774,13.594522,14.035365,14.166843,14.150834,14.410573,14.250650,13.986722,13.847409,14.625063,14.411740,14.269383,14.397601,14.242145,14.103352,13.792667,14.086133,14.214191,14.117797,13.840343,13.842802,14.155761,14.216954,13.729639,14.035957,14.197974,14.009129,13.837623,13.719400,14.218559,13.908225,13.823453,13.902244,13.860021,13.221998,13.539879,13.824894,13.889238,13.319997,13.626461,13.763668,13.345705,13.814028,14.033873,14.107496,13.579661,13.485341,13.479817,13.559685,13.464679,13.648338,13.260947,13.671471,13.531535,13.334957,13.650692,13.710856,13.731606,13.791265,13.074026,13.413422,13.316029,13.439644,13.449049,13.467104,13.371165,13.412870,13.487059,13.676451,13.536601,13.328647,13.498841,13.373209,13.445871,13.302913,13.358202,13.220687,13.312793,13.297107,13.259065,13.371430,13.253945,13.322876,13.038728,13.393584,13.080431,13.206864,12.920209,13.123507,13.145316,13.241879,13.097005,13.289899,13.401481,13.016593,13.366650,13.428366,13.297694,13.460688,13.321649,13.325210,13.238332,13.236065,13.067960,13.082702,12.668619,12.974104,13.161556,12.800019,13.223235,12.819664,12.799375,12.927081,12.910947,12.694222,12.628416,12.428381,12.435417,12.238190,12.297671,12.184970,12.370459,12.423799,12.329506,12.089431,11.823338,12.086030,11.913392,12.192622,12.056486,12.217088,11.805412,11.939749,11.838886,11.865510,11.992525,11.603722,12.002013,11.723856,11.678213,11.494181,11.639468,11.596044,11.679285,11.579267,11.366203,11.017715,11.151279,10.991691,11.296241,10.986177,10.962848,10.704275,10.723015,10.658890,10.539154,10.687198,10.416446,10.228394,10.197715,10.266906,9.961077,9.837824,9.942740,9.671301,9.609349,9.464398,9.294867,9.379190,9.142266,9.123774,8.863622,8.918009,8.651458,8.487592,8.524196,8.424548,8.143246,8.033413,7.927183,7.801821,7.762841,7.709076,7.380881,7.316326,7.092253,7.073672,7.014732,6.802919,6.581296,6.544026,6.278049,6.286203,6.060209,6.025604,5.737478,5.671160,5.439625,5.296860,5.242444,5.165668,4.994964,4.780462,4.642230,4.480286,4.333832,4.192821,3.998056,3.845706,3.681744,3.571588,3.336494,3.214807,3.174769,2.980006,2.820235,2.694177,2.571659,2.387994
